soc_start,soc_end,energy_kwh,vehicle_model,temperature,user_type,duration_hr,charging_rate,energy_per_hour,rate_efficiency,soc_delta
29.371575979140047,86.11996244457839,60.71234573492677,BMW i3,27.947953055800944,Commuter,0.5913634253585007,36.3891805669814,102.66503326295718,1.3020338374809306,56.748386465438344
10.115777641679946,84.66434362786444,12.339275203733752,Hyundai Kona,14.311025660377789,Casual Driver,3.133652052688084,30.67773493971444,3.9376660191577346,2.1436433465876825,74.5485659861845
6.854604444398554,69.91761524016282,19.12887570011548,Chevy Bolt,21.00200183614421,Commuter,2.4526527258367823,27.51359255877324,7.799259756021594,1.3100461933787024,63.063010795764264
54.25894969116981,63.743786036169695,19.62910416772725,Hyundai Kona,-7.834199027249213,Long-Distance Traveler,2.0197650865894614,10.215712071204608,9.718508502824255,-1.3039893466673396,9.484836344999884
75.21774833696946,71.98228757123687,43.18113714248533,Nissan Leaf,-5.274217796522686,Long-Distance Traveler,1.1676401541014236,14.33452277611833,36.98154520535145,-2.7178480921984565,-3.235460765732597
60.75178075976676,70.79609690147149,36.862139988267536,Chevy Bolt,27.5513346806664,Commuter,3.5396190263161467,26.18518786003352,10.414154663032127,0.9504144958323363,10.044316141704726
56.201703032995454,63.786815331776616,51.46761685839947,Chevy Bolt,-4.41745966595273,Long-Distance Traveler,2.6553964456130235,26.7029077655282,19.382272256720476,-6.044856045056629,7.585112298781162
33.46620026326066,92.96142090358896,43.59237228216989,Chevy Bolt,22.51670642679634,Commuter,1.724203599132774,14.294922926661108,25.28261297221258,0.6348585204117252,59.4952206403283
27.399454625609152,70.05338137780706,78.86860745126785,Hyundai Kona,27.512019364625917,Commuter,2.0268746909843576,11.76099971515701,38.91143729904935,0.4274858766012258,42.653926752197904
76.08656557040186,82.2655816267944,18.20619747737872,BMW i3,0.5004335643954789,Casual Driver,2.6486354477276968,10.310701112892176,6.87380269451505,20.60353630625765,6.179016056392541
14.618902372078484,85.85749415419053,22.564929484106763,Chevy Bolt,34.26261127319235,Long-Distance Traveler,2.0578886215204486,4.46482262892762,10.965087832321514,0.13031180237044493,71.23859178211205
19.20544694977322,51.62648272929986,34.256452908516025,Hyundai Kona,23.662965362338845,Casual Driver,3.0655847520228034,5.523688619042968,11.174524823008777,0.23343180089483964,32.42103577952664
25.775415389763285,69.2012290988145,16.56106432522506,Nissan Leaf,34.11034863859677,Commuter,3.5909657181461028,19.76909871755716,4.611869236606077,0.5795630800204692,43.42581370905121
71.68354383511853,63.70663794066834,12.927545290947553,BMW i3,39.50544568765913,Casual Driver,3.4218093378407497,24.21115011711917,3.777985274628179,0.6128560175865159,-7.976905894450191
10.677153729384765,72.40347015226732,27.354317884610715,Nissan Leaf,-8.30213689912669,Long-Distance Traveler,2.703286127534274,11.112498841670842,10.118913275954693,-1.3385106722149782,61.726316422882554
67.59197091077596,89.94222936485875,24.726937680708804,BMW i3,4.41532961880046,Commuter,3.4586802787724484,49.40273861566977,7.149240660511374,11.18891291950505,22.35025845408279
57.59519511951953,74.96195034708379,23.824040473705303,Hyundai Kona,18.40570905025936,Casual Driver,0.8482182678183041,6.614280124746195,28.087157961102324,0.3593602456001547,17.366755227564255
55.51705087402344,52.7134886858277,42.63801819167288,Tesla Model 3,37.430356532255,Long-Distance Traveler,0.8075321582617996,20.49084604597367,52.800396560615674,0.5474392430196602,-2.803562188195741
12.754877571721774,116.0956568894014,48.48248430757049,BMW i3,9.202409891916812,Long-Distance Traveler,2.5809253540076567,45.29143534649799,18.78492310220711,4.92169289115028,103.34077931767962
16.545512365179043,77.93632713949575,50.27906667357191,Nissan Leaf,33.980310103059054,Casual Driver,3.16887289218907,30.489960233968677,15.86654573539519,0.8972831660892888,61.3908147743167
49.02423910950519,64.48187393759193,49.19642958971384,BMW i3,39.95893731677202,Long-Distance Traveler,2.5628173042684104,19.194882837079632,19.196229675746473,0.480365198025998,15.45763482808674
19.23313912730544,74.00615088095063,68.44712632026376,Tesla Model 3,3.580839953900103,Commuter,2.0714292092234388,49.71030696901287,33.04343011843693,13.882303484373955,54.77301175364519
65.48688658113335,65.35209627449626,27.60438468247694,Tesla Model 3,35.977821918048456,Long-Distance Traveler,0.9571376601264636,11.238538626794044,28.84055850318298,0.3123740690137825,-0.13479030663708613
80.34408372714871,79.99556313119572,40.178003499947216,Chevy Bolt,21.53684396835515,Commuter,3.604173535372616,12.31861479590845,11.147632905470916,0.5719786433893763,-0.3485205959529907
88.74847907153811,87.82402899882813,43.487751224792326,Chevy Bolt,29.872209873061493,Commuter,3.652540335433942,36.18237188372349,11.906165909493163,1.2112385403515944,-0.9244500727099876
98.3327953116332,94.50485176968456,10.338517723856468,Nissan Leaf,5.504758728380647,Long-Distance Traveler,1.547713717696371,45.7767311942711,6.679864373913024,8.31584697041525,-3.827943541948642
34.72763909597674,54.40205038521579,31.68448458657448,BMW i3,20.37856231027433,Casual Driver,2.4396779381538938,48.64872319079225,12.987158711018289,2.3872500154863654,19.674411289239046
29.207671702279008,85.00810624066354,56.59325685914933,BMW i3,12.333415373869066,Casual Driver,3.153257254972797,45.81173100244055,17.947554634148478,3.7144399676591076,55.80043453838453
31.320786979519863,78.05665281794616,19.473800595427143,Chevy Bolt,8.352906076534808,Casual Driver,1.435532787267766,7.043936342279247,13.565556125326415,0.8432916972533965,46.73586583842629
75.6447784790562,65.61730718592959,38.28919933554271,BMW i3,2.273162900972052,Commuter,2.0076640542660726,12.064391459035129,19.0715170967883,5.307314954804225,-10.02747129312661
23.603991432132744,88.2000728013921,16.136238725396332,BMW i3,39.38401391534167,Casual Driver,1.306927271746284,21.517815048554308,12.346699831150884,0.5463591165392171,64.59608136925935
22.881466625938916,51.43427868199236,60.06708508895625,Tesla Model 3,13.991597483206988,Casual Driver,0.9991001884039166,7.651570046980447,60.121182826433724,0.5468689373149866,28.552812056053444
41.87247964240577,79.64797277486439,57.72437946101146,Chevy Bolt,28.429807376567297,Long-Distance Traveler,1.8735815970397776,4.48564710517362,30.809642639645293,0.1577797220276218,37.775493132458614
24.49220858439769,73.38017572592224,37.37451606078376,Hyundai Kona,59.931973865971024,Commuter,2.8916769844807484,18.865801960923783,12.924858572159994,0.31478692831166133,48.887967141524555
85.85755579960261,50.403654740892144,39.940563619980615,Chevy Bolt,31.46130901681466,Casual Driver,3.470003433537161,28.62519932675557,11.51023749255114,0.9098540468057665,-35.453901058710464
49.27538752823665,94.59708190417813,73.38661952275571,Hyundai Kona,33.92957037271362,Long-Distance Traveler,1.0404523051899732,38.45083190087793,70.53338164247351,1.1332543111657063,45.321694375941476
87.98462138000619,79.3884433831648,61.52075986084904,Tesla Model 3,5.761050673536548,Commuter,1.2804107080349374,12.510248962442,48.04767679213315,2.171522118336499,-8.59617799684139
17.040420024456118,56.07865100803714,68.17785003637414,Nissan Leaf,-3.191455365646359,Long-Distance Traveler,3.2424460582484915,23.31161908295264,21.02667209002161,-7.304385119680777,39.03823098358102
80.86258863357027,62.52531776559165,67.51805822343026,BMW i3,35.233158486596466,Casual Driver,1.9623405401552507,6.897878329777162,34.40690177969241,0.19577802916537498,-18.337270867978617
28.252298260726327,96.287092238838,39.398742356080696,Tesla Model 3,19.78108389153856,Commuter,2.3977153605176023,20.46036486895017,16.431784608317965,1.0343399270300944,68.03479397811168
36.636852158024986,66.97610432369274,12.049319706245154,BMW i3,39.41613092437325,Commuter,1.373881357931789,29.468944357780007,8.770276732180088,0.747636657040777,30.33925216566775
15.144122471302746,84.3423268685863,77.0536063752363,Nissan Leaf,22.069470800563764,Casual Driver,3.030202685230273,8.388039538136447,25.428532141037554,0.3800743395225487,69.19820439728355
49.29876550655081,90.97067522699976,46.80719594482398,Tesla Model 3,-0.0390790306437483,Commuter,3.877992452581901,16.91833198373123,12.069955400160861,-432.92609118076354,41.67190972044895
63.035941874368895,81.75095350359373,67.47546614008147,Nissan Leaf,3.194124642496231,Commuter,2.1051170788531968,49.60079964847686,32.05307050040182,15.528761460515042,18.71501162922484
76.12005335845825,76.68243090588436,30.710934027103814,Hyundai Kona,27.895176779200867,Commuter,1.6336686079712066,6.35266144526304,18.798753845948355,0.2277333280784116,0.5623775474261095
27.196196012553663,86.89391764029943,8.713190575944605,BMW i3,5.37807958403098,Long-Distance Traveler,2.2095428234972503,49.2753455894196,3.943435937644975,9.162256679081482,59.69772162774577
83.86192690828396,71.37448250923295,58.73397361690925,BMW i3,1.941105156484872,Commuter,1.88926151834522,13.175727296302622,31.088323689752382,6.787745245168693,-12.487444399051014
17.38966714207173,73.4380396237612,65.98624912728606,BMW i3,-7.719425911074026,Long-Distance Traveler,3.3138023577161824,46.27844331315938,19.912548186115327,-5.99506282543238,56.04837248168947
87.28930579942039,80.41641729522466,74.99970643372605,Hyundai Kona,17.805383646122152,Long-Distance Traveler,1.9113031543827848,35.92512612379792,39.24008928763874,2.0176552686424185,-6.872888504195728
27.69749248619649,70.51026724863107,17.769436409407696,Chevy Bolt,19.703359179359488,Casual Driver,3.3140797633169585,34.45824193725993,5.361801066496608,1.7488511285607131,42.81277476243457
13.48827068689701,82.69521185847714,50.26893407436542,Tesla Model 3,3.0428293410416227,Casual Driver,1.6783584198879236,36.303372348344666,29.951250864354854,11.93079475693411,69.20694117158013
63.67446343632872,55.389776083986256,76.45046498743068,BMW i3,10.424645029884408,Commuter,3.873449980578508,11.339063162639302,19.737047172611906,1.0877169563216325,-8.284687352342466
80.22553380560572,64.66736188293022,21.89299267514347,BMW i3,5.073167724155329,Casual Driver,1.285283896923329,25.37395430520664,17.03358513053047,5.00159972720621,-15.558171922675498
26.156597950855197,89.92458852765273,71.28000416235402,Nissan Leaf,33.05773080632935,Casual Driver,2.413754936898993,40.61639923013172,29.53075437472915,1.2286505528188025,63.76799057679753
33.255985091753644,51.50113226723436,21.82768817738645,Nissan Leaf,38.65644395728205,Casual Driver,2.082100007126398,26.50712322152529,10.483496519224282,0.6857103372161555,18.245147175480717
82.84418006572773,72.83328568716698,62.723162291274086,BMW i3,32.852732623649764,Casual Driver,2.117893349954352,30.9970269340748,29.615826638591592,0.9435144190033344,-10.01089437856075
53.00518532661712,59.90164627311141,46.1951370011332,Hyundai Kona,6.17125670947679,Commuter,0.6505075790560018,47.87752355760527,71.01398736686555,7.758148106864998,6.896460946494294
85.33141901899155,67.47790562555141,29.34565985727085,Nissan Leaf,34.06193919136979,Long-Distance Traveler,2.482090675316866,6.871184621235036,11.82296043778681,0.20172617250681887,-17.85351339344014
27.1746153338806,92.14463369734484,76.93342189972203,Nissan Leaf,7.9416880917232575,Casual Driver,2.1234202003251825,34.17685550275657,36.23089857011833,4.303474917174765,64.97001836346425
7.520444726979813,67.79787265012489,37.06292777850246,Nissan Leaf,16.483705935041975,Long-Distance Traveler,1.6090994326029475,15.230062587672052,23.033335931607343,0.9239465110388279,60.277427923145076
22.48839981099202,86.77766611416524,67.69516175123809,Nissan Leaf,-7.332648303750763,Casual Driver,0.8575824648349768,32.97506874142168,78.93720374082574,-4.497020363646027,64.28926630317322
57.677660751028775,57.11286224854077,67.00568214318923,BMW i3,-2.7249027658978378,Long-Distance Traveler,3.608030961009233,4.092360865180499,18.571260298843583,-1.501837392657236,-0.5647985024880029
86.22602519571817,57.969655423091886,70.61729259484447,Tesla Model 3,34.847907975386214,Commuter,3.2801429687726915,26.07041362744592,21.528723981585124,0.7481199056729598,-28.25636977262628
34.89904374917877,92.355661174546,61.13047583037784,Hyundai Kona,7.662649708995332,Long-Distance Traveler,0.947277208902377,23.281804960483075,64.53282656426471,3.03834911481757,57.45661742536723
15.67448546968074,96.59770241767578,22.88203842151127,Hyundai Kona,19.21316448676773,Commuter,1.5694707135750048,29.98922250219449,14.579461868001108,1.5608684619781568,80.92321694799503
31.54918220388392,97.46254098173988,12.894887186031896,Nissan Leaf,28.637604322914584,Long-Distance Traveler,0.5815047780490367,40.88409889822898,22.175032214343226,1.4276368385156881,65.91335877785596
41.089044871443264,74.39951852877809,69.16916705566726,Hyundai Kona,20.014324466284243,Casual Driver,2.285242161327478,5.557358509328086,30.26776252696453,0.27766905241742773,33.310473657334825
86.32698824285714,75.50151044016273,49.2788373994772,Tesla Model 3,30.082058806726685,Long-Distance Traveler,3.865136106678535,49.41151925702685,12.749573634503768,1.6425577642304816,-10.825477802694408
39.51761676284298,71.27176463552543,31.218889683829406,BMW i3,39.83142977123109,Commuter,3.340997592022919,30.02591267156402,9.344182036637411,0.7538246265327571,31.754147872682452
38.12132999285809,81.19721083979802,30.651699818598622,BMW i3,-4.932743443178868,Casual Driver,1.0288186666188504,28.522353335495254,29.79310233486875,-5.782249505584309,43.07588084693993
88.09676846371462,96.1305685919979,59.9864767329939,BMW i3,15.060622448535312,Commuter,3.729365399834844,23.417921150036506,16.08490193416028,1.554910577571378,8.033800128283275
55.07217407784221,62.93578010941694,51.67374779364138,Hyundai Kona,2.5542438030517296,Casual Driver,0.6917553642371982,46.59567841482084,74.6994536871026,18.242455304834174,7.863606031574726
48.88762425560186,43.05075612226932,35.9072426531086,Tesla Model 3,33.076751459606555,Casual Driver,2.7255608456585247,25.60162087204433,13.174258322027304,0.7740065073593795,-5.836868133332537
26.654722048049937,63.71062691853387,32.83295683246542,Hyundai Kona,5.803389498206,Casual Driver,3.4086383448749484,44.492366139662046,9.632279376845991,7.6666172679631375,37.05590487048393
49.87203405296153,54.26143302124692,57.92445004054599,Tesla Model 3,1.8254496871976087,Casual Driver,1.261117292569857,12.538161906875358,45.931056834935426,6.86853326871127,4.389398968285391
78.43462826424621,97.7254403635819,21.65616411567424,Tesla Model 3,10.401511433472187,Casual Driver,1.8944268875741128,32.95451081519971,11.431512220250315,3.168242521865784,19.29081209933568
73.62283683904118,83.05427335844938,41.01058174547109,Tesla Model 3,-4.572249344016912,Commuter,3.3669557754635044,45.32010959769544,12.180314943348332,-9.911994335348263,9.431436519408194
86.11175650087344,69.39563151935643,79.81869447094793,Tesla Model 3,10.69221008986976,Casual Driver,2.6064796291623145,13.009732230851895,30.62317985450764,1.2167486535994883,-16.716124981517012
105.03222404185644,83.02347311843918,33.07294950547435,BMW i3,-6.514431826571196,Long-Distance Traveler,1.4696595869919784,30.344748445823274,22.50381639272419,-4.658080589937637,-22.008750923417253
47.99218334647701,85.86518688525221,27.84315247164263,Chevy Bolt,7.516861653406636,Casual Driver,2.543139660740745,17.00464384697846,10.948337954641746,2.2621999221273374,37.8730035387752
13.667240803504384,96.3460346157945,28.440773917754164,Chevy Bolt,27.813135549380647,Long-Distance Traveler,1.0796586545757096,42.42512683318396,26.34237571034058,1.52536296232622,82.67879381229011
50.31669101477427,93.89345034552564,68.57302471319414,Tesla Model 3,37.89979105281139,Commuter,2.9303906461796965,5.454692701854564,23.400642778665603,0.14392408375691923,43.576759330751365
76.46681163744769,75.84995702645678,65.431016913359,Chevy Bolt,30.199709557192065,Long-Distance Traveler,0.929486553755634,20.27269893513049,70.39479662076003,0.6712878776777025,-0.616854610990913
51.794505043999976,64.55436324971151,71.61568949106118,Chevy Bolt,-1.7198500093383,Casual Driver,3.5150120063589623,31.271844526976924,20.374237516543946,-18.182890576026768,12.759858205711538
42.73907176379696,72.96602310099009,7.930901450146639,Tesla Model 3,16.808358267905795,Casual Driver,2.3423957855284567,44.12212998806049,3.3858075988458056,2.6250112762236952,30.226951337193128
63.40496814289373,68.34785563762274,55.72920335411825,Hyundai Kona,34.66345577088492,Casual Driver,3.8290118099189465,21.723067323519977,14.554461077856518,0.62668498683752,4.942887494729014
47.1578609567738,66.19348839519058,31.046574961450595,Nissan Leaf,15.627395920888151,Casual Driver,0.6902816245406431,28.004859152178906,44.976678876698976,1.7920361968142486,19.035627438416782
80.19872330540268,73.21652206981314,15.91756323749268,Nissan Leaf,15.435807030838417,Casual Driver,3.348390650345465,17.551626214972885,4.7537951510676955,1.1370721452987447,-6.982201235589542
77.52375722942914,56.731410370149234,46.77551047348464,BMW i3,27.26694562215317,Long-Distance Traveler,3.1185084418609943,32.080052394592826,14.999321420971041,1.176518002387815,-20.792346859279903
84.39953459357244,73.56686201603071,8.469643800499997,Nissan Leaf,22.171767696967564,Long-Distance Traveler,1.9561781679786927,16.0193428037057,4.329689360172969,0.722510853561607,-10.832672577541729
84.2736568755141,57.22115431322493,61.697438669843606,Tesla Model 3,28.312156710460712,Commuter,2.5255130370658327,30.7839968181946,24.429665483542436,1.0873066694640254,-27.052502562289177
64.41936676135445,73.23718921497326,41.264155052372864,Hyundai Kona,19.63653156666094,Long-Distance Traveler,3.6044547433316194,29.081690927779928,11.448099085919486,1.4809993724734494,8.817822453618803
67.51829977415198,57.34995235816769,6.503953233800639,Chevy Bolt,35.95974294747681,Long-Distance Traveler,1.487800086413389,35.93476782027548,4.371523629548641,0.9993054698072283,-10.168347415984293
27.38119597524401,64.70149352773214,65.89318362199285,BMW i3,13.419629558552458,Long-Distance Traveler,3.1462506357761653,24.832132237509622,20.94339938233729,1.850433510788222,37.32029755248813
24.998949637776327,90.02000106419143,13.262909019022482,Chevy Bolt,31.873334471117047,Commuter,3.069015227098616,47.67047064050836,4.3215520411610875,1.4956223260451884,65.02105142641511
77.48990308717126,71.62801502596717,7.358446629421065,Chevy Bolt,-7.811348601849324,Commuter,2.4307933707665974,11.480485862632262,3.027178993457777,-1.469718796049414,-5.861888061204084
48.61219346503014,95.83119935657344,36.13726899530781,Hyundai Kona,32.30733828974979,Casual Driver,2.4493464545125736,36.3770757935734,14.75384134765011,1.1259694459297138,47.2190058915433
64.06837901017158,83.78854260869758,29.16952953646135,Chevy Bolt,42.73966105258837,Long-Distance Traveler,1.837402025783315,28.504564541418848,15.87542036372029,0.6669347355456525,19.720163598526
28.17984729471636,54.56240134495012,26.8691096120868,Hyundai Kona,7.791379352167198,Long-Distance Traveler,2.463684938333577,12.051836628241116,10.906065623090962,1.5468168193978205,26.382554050233757
29.951321951186408,76.87588684727461,17.933479173039434,Nissan Leaf,38.36358111720883,Commuter,2.7822095659811867,25.58416841581989,6.4457686409811945,0.6668868669391124,46.92456489608821
47.80623479100282,79.3715143442941,17.704737472368393,Tesla Model 3,-9.34537521505764,Commuter,3.462571540834156,19.713679937800947,5.113175934006321,-2.1094583667478095,31.565279553291276
36.884083700047405,73.96777838001219,71.18526462073517,Nissan Leaf,-4.808919737189906,Commuter,1.4256525513794889,10.299799723961698,49.93170639778601,-2.141811526673637,37.083694679964786
20.417448539505852,57.50198821454384,39.64439031543013,BMW i3,22.572011579091168,Casual Driver,1.9257418407030744,13.798289110981957,20.586554997920306,0.6113008166167849,37.08453967503799
60.66782801513298,53.92638457958917,24.84871287490711,Hyundai Kona,11.203464841549469,Casual Driver,3.3183683043720347,32.23574667839979,7.488232346653112,2.8773015432555686,-6.741443435543815
61.762801965366975,83.20780147452034,7.515940355911836,Chevy Bolt,9.79124268086425,Casual Driver,3.4168695993661142,10.62138589036472,2.199656772768316,1.08478425431359,21.444999509153362
49.17384524132495,62.34186035083323,64.41904928508166,Tesla Model 3,25.32047569840328,Long-Distance Traveler,3.1900131034328947,24.621651183384863,20.193976387043005,0.9724008141338955,13.168015109508282
34.60022195707441,101.67609865354004,6.189015903017523,BMW i3,5.7273564896736655,Casual Driver,1.2918547116648724,19.715350490851208,4.790798723055671,3.4423124396739886,67.07587669646563
88.0387594680304,61.07474261644202,37.787903717013286,Hyundai Kona,-0.3253394685460726,Casual Driver,3.623898268861632,35.9959370444312,10.427418463069474,-110.64116261483865,-26.964016851588383
71.45097036918969,50.01990928459148,9.15123419135714,BMW i3,-1.09233343769354,Long-Distance Traveler,2.578732446114916,34.04604092712868,3.548733489255261,-31.168176082769037,-21.431061084598213
30.88322666455972,51.48089291088871,15.660564019843829,Hyundai Kona,29.539063440210768,Long-Distance Traveler,3.14065016250783,7.702187849236843,4.986408294306414,0.2607458379588316,20.59766624632899
85.49045253068678,74.66057197859945,35.55367093393553,Hyundai Kona,26.133406798103643,Commuter,3.536754115192,45.85569719639172,10.052627289303492,1.754677358013622,-10.829880552087332
59.93299647263002,81.18398204407661,47.52745876259207,Chevy Bolt,18.979822937317028,Commuter,3.80489963875978,14.328175525274112,12.491120206808873,0.7549161850768842,21.25098557144659
66.55511783374999,56.23715390685432,36.616568616352566,Hyundai Kona,24.523038772909203,Long-Distance Traveler,3.3580146467574785,27.32114693970443,10.904231359356865,1.1141012006181843,-10.317963926895672
42.8353512271293,83.70937054043276,65.48719595789339,BMW i3,17.522727671566376,Long-Distance Traveler,2.0662813799021897,37.57728956063927,31.693261428408807,2.144488590187637,40.87401931330346
40.14074746609202,63.34760037685963,33.88719708294054,Hyundai Kona,-4.160747932993171,Long-Distance Traveler,3.625604853300888,18.604260903972325,9.346632756211243,-4.4713741864647725,23.20685291076761
28.20501289429486,50.64036663152135,47.29002739188249,Chevy Bolt,7.122847043805255,Long-Distance Traveler,3.294730867342969,15.408979759429108,14.353229230531799,2.1633175140030994,22.435353737226492
35.889037420116495,90.8523127201585,48.48756787108178,Chevy Bolt,0.5341116925185432,Long-Distance Traveler,0.5639379356338684,16.75976742648834,85.98032657012436,31.378769012637708,54.963275300042
84.23618039725056,77.85782098101181,15.010165946159637,BMW i3,19.98563673169685,Commuter,0.6486756832113033,13.762568583983876,23.139708077002386,0.6886229730252575,-6.378359416238752
13.948323455933185,93.59847436377936,30.06513890238722,Nissan Leaf,33.018171296489285,Long-Distance Traveler,1.2674299555740305,35.87112112811267,23.72134157802073,1.0864054464435688,79.65015090784618
33.43975255292256,86.90439983944351,74.10645011572457,Nissan Leaf,14.12322245819798,Long-Distance Traveler,2.9654194045690128,32.29091083148934,24.990208805386512,2.2863699079345543,53.46464728652095
75.48580234398966,56.12136492778178,66.15159678916712,Hyundai Kona,32.292746117918185,Commuter,3.062344294379421,50.170585945493926,21.601619684168345,1.5536178237147789,-19.364437416207885
23.63676231573029,68.05817011355497,47.37743937319623,Tesla Model 3,8.51163039714243,Casual Driver,1.2995270359925628,48.1603346331429,36.45744802608891,5.658179735965926,44.42140779782467
34.86960937739784,77.63659352947695,45.99296137212069,Hyundai Kona,3.849914000702734,Commuter,2.845705702692192,30.603528099327637,16.16223396839977,7.949145901373772,42.76698415207911
61.8669056122019,92.68815020624268,48.28787199679972,BMW i3,-8.036309429298335,Commuter,2.0735530968912244,34.388042437016395,23.287502051042406,-4.2790839177553766,30.821244594040785
38.19062072851722,82.43448922749442,78.69341922441535,BMW i3,12.737924554170815,Long-Distance Traveler,2.8560625647309243,36.56255636850435,27.553114625774743,2.8703699894762345,44.24386849897721
50.70024741009175,60.745990617404885,68.03002486170053,BMW i3,34.79282128606109,Casual Driver,1.5169722905210936,16.395516801190116,44.845924534542156,0.47123274845660723,10.045743207313137
45.02731340187831,77.80287971223682,40.24838259933458,BMW i3,38.96813600946469,Commuter,3.635489899529857,33.732264264339975,11.070965320118072,0.8656371004285908,32.775566310358506
66.00513379945605,82.71272303828141,74.28073484499863,BMW i3,4.761855467358831,Casual Driver,1.0613444684528497,41.34180124259758,69.98739528296562,8.681868134382471,16.707589238825364
72.33754266978394,62.454642722835686,74.94807969154884,Nissan Leaf,12.264703196884788,Long-Distance Traveler,2.0192284141917014,43.62020158698581,37.11718751815931,3.5565639776807036,-9.882899946948257
30.59535960979457,76.02826980706824,52.884130298910776,BMW i3,19.18928092352464,Commuter,1.2769826575664145,35.525961628694056,41.41335043632754,1.8513440795554694,45.43291019727367
36.732618067770495,69.40761440444862,34.96988837156509,Tesla Model 3,9.598491187054968,Commuter,2.4966027035075133,19.6515444967108,14.006989707427373,2.0473576642143416,32.67499633667813
46.86961641870514,67.95937767082825,55.91756316726556,Tesla Model 3,15.16931484091992,Commuter,2.553216595405557,6.638807142566019,21.90083021859081,0.43764713252951504,21.089761252123104
69.31359126903999,92.69136039163782,76.59801205371735,Tesla Model 3,31.24889263000149,Casual Driver,3.32083538932119,31.59720483051509,23.065886463398208,1.0111463853979643,23.377769122597826
79.64988507290505,88.23701957020575,20.25597516487363,Tesla Model 3,36.54506397911559,Casual Driver,1.3517035922154306,3.0234852824803093,14.985515523913241,0.0827330685262486,8.587134497300696
75.63146823991906,55.82273779293016,56.06879094629386,Chevy Bolt,7.109435812188849,Long-Distance Traveler,3.254362544448932,28.16853365416375,17.228809077197667,3.962133479828301,-19.808730446988896
83.5872819190941,80.0421189827712,65.04979561439833,Tesla Model 3,25.34429384752454,Casual Driver,3.436820245282369,22.559451806131797,18.92731972342471,0.8901195646583482,-3.545162936322896
51.0715257268038,79.00243296681866,23.57128153810389,Hyundai Kona,-3.0896176819195844,Casual Driver,0.8419612388537623,49.78371903386572,27.995684896603553,-16.113229583452867,27.93090724001486
10.714395070146608,64.15980029037753,41.08911136063269,Chevy Bolt,-2.5608008235031585,Long-Distance Traveler,5.2203593752244375,7.854182226306737,7.870935391084289,-3.067080482878894,53.445405220230924
15.600515432835518,98.00224205841444,48.99847458311938,Chevy Bolt,15.56371033278488,Long-Distance Traveler,3.7364814721594968,2.5609434336711026,13.1135333998594,0.16454581709070285,82.40172662557892
27.840014483078228,52.20550797473095,10.2776080929522,Tesla Model 3,35.09405876525552,Long-Distance Traveler,2.361618351806849,45.68669179564876,4.351934378003504,1.3018355072933416,24.36549349165272
45.70606019537613,87.23241204777877,45.57396766460627,Hyundai Kona,-9.09046835864223,Commuter,3.265855665654016,11.089826996423842,13.954679058200108,-1.2199401129734793,41.526351852402634
58.58472327585143,62.96258203508435,69.1055463943984,Tesla Model 3,1.4966651775801347,Long-Distance Traveler,3.275193659758267,22.98621553783393,21.099682514498667,15.358288468365998,4.377858759232922
74.68253406178292,64.64710567138641,37.76450274178449,Chevy Bolt,2.2243935279919054,Long-Distance Traveler,3.397770136981499,32.73315159147063,11.114496042788112,14.715539844705818,-10.035428390396504
30.75797031727749,56.511397317926814,14.495687027174723,Nissan Leaf,-5.598798540488655,Commuter,2.546129258443054,21.24491493482296,5.693225109882586,-3.7945489163767503,25.753427000649324
27.017063596143707,85.53675893440291,54.64087910335184,BMW i3,12.629501276977535,Commuter,3.2496621390652534,19.709488492511117,16.81432615609356,1.5605911951915135,58.519695338259204
64.31430157283006,77.58261619096179,67.89119052685948,Chevy Bolt,16.317675470507673,Casual Driver,3.0072916928991527,9.68468697592609,22.575525575774652,0.5935089831532715,13.268314618131726
76.22513954753002,85.77858051012342,22.742594390832505,Tesla Model 3,-2.910447928547496,Casual Driver,1.030563727656758,29.635980652736865,22.068110666521736,-10.182618407994388,9.553440962593399
18.037296920680053,61.93129743563027,56.01783153828373,BMW i3,11.492756176546411,Long-Distance Traveler,1.0409740232745897,37.85307847614943,53.81290050069507,3.293646701858799,43.89400051495022
27.64544589095541,90.29992272783537,127.75747441174424,Tesla Model 3,18.405333154548053,Casual Driver,0.9845492206293912,9.286497700383908,129.7624046973222,0.5045547191352614,62.65447683687995
40.79935581886868,71.37903684865236,13.87716708884735,Tesla Model 3,24.759622240779493,Commuter,0.5212915882023574,9.913419024012205,26.620738571097846,0.4003865215554317,30.57968102978368
61.57804690727161,97.96189523417006,47.82436784944839,BMW i3,7.166868100746985,Casual Driver,2.0468743813136925,6.082778486824532,23.36458372142726,0.8487359333696317,36.383848326898445
73.16017408923142,75.75484663014795,71.14274635725945,BMW i3,17.424867055261124,Long-Distance Traveler,1.7251361548508353,14.829910982037749,41.23891679924292,0.8510774248667868,2.594672540916534
14.453311424346262,61.79033242153907,6.08863208957066,Nissan Leaf,6.170556621368309,Commuter,3.284946614350205,4.86831209228205,1.8534949892252819,0.7889583373116364,47.33702099719281
79.50472573051596,53.57201503044119,33.098691426112154,Chevy Bolt,-7.868909513351654,Commuter,2.1821725676582537,16.68689597092782,15.167769917312828,-2.1206109871531953,-25.932710700074765
12.48227539344258,78.60859386438283,78.83314651875263,Tesla Model 3,4.7608097846417365,Casual Driver,2.921583661643124,8.424644632127169,26.983018680497477,1.7695822797425933,66.12631847094025
31.1091900831936,50.163546266562506,63.23651609867501,Hyundai Kona,30.790815038255943,Casual Driver,0.8358451423130647,5.255799991325633,75.65577987769157,0.17069375996691163,19.054356183368906
62.13327965500456,95.39612687084605,50.16138087841768,Tesla Model 3,18.459977606948577,Casual Driver,3.984418263508884,29.087280550451776,12.589386344756633,1.575694248919508,33.26284721584149
44.94524692565111,66.19582006310851,61.00032235899777,Chevy Bolt,27.54479108480832,Casual Driver,3.026524839632501,5.720465260145438,20.15523598557506,0.20767865846332106,21.2505731374574
40.48798796741036,98.82353364240996,47.3146093849059,Tesla Model 3,23.72798354443762,Casual Driver,0.9689769691243776,10.16337295016612,48.8294468212821,0.4283285569181308,58.335545674999594
86.09789965116842,60.262717131547085,33.78434419301355,Nissan Leaf,58.10524584392989,Long-Distance Traveler,1.3501018281867616,48.76808403617098,25.023552659274017,0.8393060441936958,-25.835182519621334
61.58201871582799,55.66092887509634,47.84104322110981,Nissan Leaf,31.422924496983995,Commuter,1.6133875984291093,36.24955021074656,29.652541811831647,1.1536020529924207,-5.9210898407316535
66.57606983592258,69.15765779890351,10.640152157210183,BMW i3,20.623514072810465,Long-Distance Traveler,3.0806034583458395,19.167160983415208,3.453918136845668,0.9293838535831642,2.581587962980933
83.20627214536134,83.20544452415145,72.2378188219246,Hyundai Kona,3.8602092828471406,Casual Driver,3.4982855553220924,14.435905055127744,20.649491780917113,3.739669017240532,-0.0008276212098934366
12.666303598100477,86.88327763624466,36.15792621947456,Tesla Model 3,28.730037319439177,Casual Driver,3.1018270774146552,46.32809897435823,11.656976780798452,1.6125318063200682,74.21697403814417
41.006080032057206,71.25331650755305,63.62653233247981,Tesla Model 3,5.098606887092302,Commuter,2.0400221150977345,9.986771923019903,31.18913852040842,1.9587256174431769,30.247236475495846
43.32205190716476,62.97068755428872,8.349591228417406,Chevy Bolt,3.0496907704113987,Long-Distance Traveler,2.3126750622410013,47.48218948900026,3.610360731060326,15.569509521975235,19.64863564712396
2.3259589947386745,71.03902179038346,55.97943470013186,BMW i3,11.442580470841843,Casual Driver,1.106862482944654,13.79927221343662,50.574877695019836,1.2059580658925786,68.71306279564479
37.91329561411469,57.53677417403917,38.50773758511891,Nissan Leaf,21.38432172230572,Commuter,0.9764775412267896,15.809921563951589,39.43535407556842,0.7393230315769359,19.62347855992448
12.044342771950358,91.06953924455011,13.105812024979125,BMW i3,1.85665782275348,Casual Driver,0.5690623348394185,14.554415345938793,23.03053852382868,7.839040219244143,79.02519647259976
70.54794124013175,50.10285103642811,7.81642400450342,Chevy Bolt,29.88259210872053,Casual Driver,3.457199297563886,5.098121574412684,2.2609121811436386,0.1706050651785632,-20.445090203703636
30.475116614130098,90.93210942692164,52.50980894268295,Chevy Bolt,-7.432249212044663,Commuter,2.76432358740617,17.12970237970592,18.995536261351422,-2.3047804091318165,60.45699281279154
47.72203883616639,62.35988112699489,12.128018048871455,Tesla Model 3,-1.2061704606006334,Commuter,0.9802518418740852,32.09970635847218,12.372349156401093,-26.612910369640108,14.637842290828502
82.88645336185421,52.65258829558403,13.485195325551771,BMW i3,-5.680662911301151,Commuter,2.6653684817410275,29.8731055066718,5.059411266371394,-5.2587358153644415,-30.233865066270177
70.51514965068588,92.974862548274,80.72941928487083,Nissan Leaf,4.741180801072689,Casual Driver,2.8771910937329785,36.78209781352172,28.058414145905537,7.75800361909839,22.45971289758812
58.07325463341602,92.2658239799593,53.58667286183268,Chevy Bolt,7.377646953805616,Casual Driver,3.445384636919679,6.927506568259337,15.553175772485435,0.9389859140231583,34.19256934654327
69.29221386285269,64.34112879801057,64.23213303009759,Tesla Model 3,3.945102536091081,Casual Driver,2.822449218454964,29.92814716211848,22.757586783176517,7.586151915780657,-4.951085064842118
43.82063366672827,58.45469784758049,17.854873424356434,BMW i3,19.26489439702416,Casual Driver,2.505005630664888,48.38467691618706,7.127677960395373,2.5115464387731614,14.63406418085222
17.58200971130968,74.04968197104762,63.85425613845187,Chevy Bolt,28.166794014649128,Commuter,3.887300863600527,37.22881554336963,16.42637356330281,1.3217271203818042,56.46767225973794
72.89524752521268,68.05110317943193,70.99471727287802,Hyundai Kona,4.756515891650823,Long-Distance Traveler,0.7763584975843215,12.561412323109137,91.44579146590351,2.6408851792460855,-4.844144345780748
78.60469650901624,99.52158491419787,62.24807114091579,Chevy Bolt,20.808674270657335,Commuter,3.432085658312173,18.589472298830444,18.137097187582455,0.8933520731324904,20.916888405181638
74.3486809069066,50.72443430796444,78.64289917152071,BMW i3,21.9585410958577,Commuter,0.6089750827569935,34.823950999988426,129.13976515341682,1.5858954767517628,-23.624246598942158
16.340813424043915,78.75846708787853,6.961875674256488,BMW i3,29.56154848251917,Casual Driver,2.4227759300549403,22.672767380865302,2.873511985938632,0.7669681916112258,62.417653663834614
27.118106851125184,78.96915418957035,1.7545202338044217,BMW i3,25.93608210131172,Casual Driver,0.7973944310128724,8.430755655329502,2.200316638248629,0.3250589515562613,51.85104733844516
46.807860636393485,86.59530628854822,73.61433544405698,Chevy Bolt,33.860787696770295,Commuter,3.665318917813474,3.855782923246637,20.084019179420054,0.11387162513098917,39.78744565215473
46.18102100188867,99.01491659931033,6.377874090357831,Nissan Leaf,-2.96053409263979,Commuter,0.9035194095926008,33.84247374666808,7.058923164952959,-11.431205548621834,52.83389559742165
44.27162791405269,90.6684743156528,51.16182197500394,Chevy Bolt,31.917598615028037,Casual Driver,1.2866745067137464,15.002975608272422,39.762831786940964,0.47005339559626025,46.396846401600115
61.78774867645628,65.21596737627195,28.22969163134975,Chevy Bolt,24.32145836328824,Commuter,1.2186895776866975,23.437410108212934,23.163972309449814,0.9636515112757497,3.428218699815666
63.5820676829891,89.93768114083636,67.9228322505551,BMW i3,14.333455387594256,Long-Distance Traveler,3.7045719493020433,41.74355879617509,18.334866532515868,2.912316511781558,26.355613457847262
86.95322411290303,85.1364391530881,15.273666673214588,BMW i3,6.864161791222809,Long-Distance Traveler,2.865108393074641,5.370384189809226,5.330921060485227,0.7823801875818729,-1.8167849598149246
31.570698858788976,70.648329638232,50.643736597993126,Tesla Model 3,6.434361447340734,Long-Distance Traveler,2.2291425495078623,29.633681436250622,22.718931370797247,4.60553571302681,39.07763077944303
74.86887756150331,64.3699636659729,52.05474164868848,Tesla Model 3,4.820141443330831,Commuter,2.9356092518749914,5.231316128591093,17.73217658836604,1.0853034480615014,-10.498913895530407
58.602148974027074,77.23174936981644,57.89799819019454,Nissan Leaf,15.72519594516674,Long-Distance Traveler,0.6055648002739363,15.380881327116466,95.60991352866533,0.9781042716891485,18.629600395789367
24.83449931237853,61.27901236228131,30.900798344474765,Tesla Model 3,33.50586024036359,Casual Driver,0.670877146738795,40.564403928383314,46.060293594269574,1.2106659443268522,36.44451304990278
41.20931818354145,98.92265741071633,35.348377133007446,Chevy Bolt,-8.72042463752484,Casual Driver,3.133547022568186,5.497144232704208,11.280627633293562,-0.6303757513194322,57.71333922717488
29.33302482996651,88.4323917824992,11.92593792090742,BMW i3,-3.3573743979983828,Casual Driver,2.7490297053158925,49.422736981543714,4.338235377320888,-14.720651057269283,59.099366952532684
78.79166882079036,55.02318043298529,55.46412783572684,Tesla Model 3,15.922714753612713,Long-Distance Traveler,0.5844647254239376,20.988032146855492,94.89730589899384,1.318118955945845,-23.76848838780507
81.45214550820731,89.29358320332949,44.15948700741327,Tesla Model 3,-5.3327737761469285,Long-Distance Traveler,3.976851392100341,23.75243531899124,11.104133057406202,-4.4540489276394934,7.841437695122181
27.08090944968201,55.747611123683306,65.24475504703462,Nissan Leaf,20.42707195075063,Commuter,0.8786516820801358,46.96981830114844,74.25553991153014,2.2993906524827437,28.666701674001295
18.13415171447935,56.11481331797653,20.46478094414017,Nissan Leaf,25.428088214299088,Casual Driver,3.6470085095575575,18.59949061237613,5.611388317441268,0.7314545417502916,37.980661603497175
64.42180951726422,99.60357752482555,49.186728304534114,Chevy Bolt,2.803936969439522,Commuter,1.9125631476780167,32.363055163721626,25.71770159027177,11.542005229236898,35.18176800756133
51.557809348746055,73.55094550093412,32.64266713861244,BMW i3,29.9393328525626,Long-Distance Traveler,0.5606409011449397,29.199086932973444,58.22384180667099,0.9752751364489474,21.993136152188065
62.39013910651081,79.43489768071959,66.62370004100543,Nissan Leaf,-0.9762473847444576,Commuter,1.229144212048145,45.5056750420217,54.20332243194569,-46.61285218595823,17.044758574208778
26.84932307942894,99.63756366259756,33.365508790480845,Tesla Model 3,26.87389732837409,Casual Driver,0.6112620234429819,10.19694664940403,54.584625759256184,0.37943683883311763,72.78824058316862
70.75160734375731,55.33183817144085,68.82528250979368,BMW i3,-1.96611908491008,Commuter,2.465336095706008,16.93561005158484,27.917200672829118,-8.613725476531542,-15.419769172316464
18.87132185953369,65.01723141258057,65.89172326762375,BMW i3,11.729181747951497,Commuter,0.7389305304942535,36.4930549563118,89.1717428748685,3.111304414963586,46.14590955304688
35.91735462644321,67.07789382329932,12.669821074783703,Nissan Leaf,29.403022298145444,Long-Distance Traveler,2.816823552679627,18.718296489912422,4.497910798399488,0.63661130818831,31.160539196856107
72.40240860746698,67.4333705105874,25.35411411775736,Tesla Model 3,2.9761661488567217,Long-Distance Traveler,0.6133138204604283,16.880572186148093,41.339544735390874,5.671918616718584,-4.969038096879586
68.8236838416409,92.8371241203629,31.877190174337137,Hyundai Kona,38.18867276301532,Casual Driver,1.3839409159301177,23.4663558449473,23.03363518442776,0.6144847188214885,24.013440278722
24.743941274646534,80.60437845117377,29.582840438091417,Chevy Bolt,5.7985721096451375,Commuter,3.20387178644321,37.183765395523466,9.233465759543678,6.4125727321168124,55.86043717652724
31.204338559110987,76.03450437720255,37.50977747998428,Tesla Model 3,30.128829937288288,Casual Driver,3.518061326092396,6.341781289968012,10.662059015795322,0.2104888010310432,44.830165818091565
19.50529978121177,63.48592020479546,66.52076448264908,Chevy Bolt,-6.756693664930932,Long-Distance Traveler,0.2066308831427136,15.099483913288104,321.93040784085133,-2.2347444862949035,43.98062042358369
17.26238082837486,53.65651198727304,29.84062267463912,Chevy Bolt,19.17667043576218,Commuter,3.4738635759039367,14.03909939573777,8.590038734285722,0.7320926457366937,36.39413115889818
72.52185208494849,69.18586552693499,59.781219876480165,BMW i3,18.12959243719743,Casual Driver,3.83954484305295,28.461752587529453,15.569871513454215,1.569905814823117,-3.335986558013502
80.67885938684184,64.03368551301674,76.3581979165499,Tesla Model 3,36.46750890918337,Commuter,2.9748362665638908,10.894668580638834,25.668033825857606,0.2987500080625277,-16.6451738738251
77.00681784966234,82.5309652201098,60.41010374511423,BMW i3,12.8704939724941,Casual Driver,1.7089707006187953,48.78868465608588,35.348823548139556,3.7907390936473435,5.524147370447466
20.08304245350331,76.26295568732958,44.78548903983442,Chevy Bolt,10.649007273572316,Commuter,3.4306460183858127,35.39040522700007,13.05453515163505,3.323352526467757,56.17991323382627
83.64021009068946,59.25917190505719,22.275712407676338,BMW i3,21.749940963028862,Long-Distance Traveler,2.3128773289248614,18.209034298086348,9.631168989853508,0.8371992516687082,-24.381038185632278
70.2479743817307,92.49814391459218,29.01396645530415,BMW i3,1.081182964677044,Casual Driver,2.525432775511763,43.00986974325926,11.488710662442658,39.78038051691517,22.250169532861477
28.71589130188672,52.96116985862483,61.1175287370132,Chevy Bolt,-3.13350858069093,Long-Distance Traveler,2.710755712940239,28.40157855499124,22.546306347436108,-9.063826641485937,24.245278556738107
47.91062986753904,97.30684588616212,65.55092159002764,Tesla Model 3,28.69465694892421,Casual Driver,3.5756254859207277,12.163397213863936,18.332714611230656,0.4238906649246404,49.39621601862308
47.05893885898729,71.88986244683487,76.57976765251057,Chevy Bolt,16.467568637658097,Long-Distance Traveler,0.6246182928077807,10.566450938160475,122.60250545700418,0.6416521570766115,24.83092358784758
53.70511180037988,53.29568233519604,37.09360176408391,Tesla Model 3,14.726961210694782,Long-Distance Traveler,0.8530870981871089,23.61922632717278,43.48161148247504,1.6038085514899296,-0.40942946518384105
47.20053057698689,85.12774934813254,6.35451648199704,Nissan Leaf,-0.2307267692579131,Long-Distance Traveler,1.0468543998817086,4.1099254234670255,6.070105339114094,-17.8129544165412,37.92721877114565
25.511673150670305,64.2138773845328,60.5227294924313,Nissan Leaf,-8.823314271075386,Commuter,3.078528492754888,14.16343771987751,19.659629473908563,-1.6052287479216436,38.70220423386249
43.90988048725574,98.38860809649242,49.62151165856079,Nissan Leaf,11.257475676219034,Commuter,3.7314884549610063,28.549558653249434,13.29804775158532,2.536053327972916,54.47872760923668
69.63478802892779,88.99147530915221,54.126087254300025,Chevy Bolt,-9.824642409465277,Long-Distance Traveler,1.2533145623700643,13.61905213687039,43.18635471046118,-1.3862135199698968,19.35668728022442
16.78109281796508,91.514782480147,13.088994842173186,Hyundai Kona,-1.3963983233364257,Long-Distance Traveler,3.2392925386945284,36.475808205118085,4.040695517870145,-26.12134918492751,74.73368966218192
61.36425981247116,59.94103454253771,7.424244899456774,Tesla Model 3,22.18491184921536,Long-Distance Traveler,1.9106242112713985,15.10098677368136,3.885769297624682,0.6806872561098526,-1.4232252699334538
85.1884767115091,76.40260687177562,47.08633600039671,BMW i3,13.410154828640618,Casual Driver,3.310831015582224,5.130814495751761,14.221908571832193,0.3826066560241102,-8.78586983973348
17.451240723590125,53.8501746253108,56.82135247009669,BMW i3,39.80240624595091,Long-Distance Traveler,0.8652131466394621,21.269704738274807,65.67324212628311,0.5343823839906304,36.398933901720675
80.02092861263984,75.52594738649499,36.53187940069507,Tesla Model 3,11.301642472241197,Long-Distance Traveler,2.65165086059227,5.092837673638758,13.77703224192017,0.4506280999551751,-4.494981226144844
17.46097583271432,82.1311377474008,58.151062888392886,Hyundai Kona,35.589301174461674,Casual Driver,1.9862538995816736,34.96509713846357,29.276752030865804,0.9824609077616274,64.67016191468647
18.284235370776763,63.02512257270325,63.59427153371392,BMW i3,2.79084416712824,Commuter,3.333555447833435,28.59630646268833,19.077010275933915,10.246471945480831,44.74088720192649
88.07089504158922,64.80813651303754,55.415049767383415,Chevy Bolt,-8.428028851272648,Long-Distance Traveler,2.314931146241422,30.64392047525133,23.93809848615006,-3.6359534377512297,-23.262758528551686
48.08341175551522,71.15874257165281,12.919879701960571,Tesla Model 3,-2.4119193043412395,Commuter,3.3808345310347176,9.137049424320672,3.821506075899666,-3.788289851934432,23.075330816137587
72.54929506897906,91.90178009240871,70.24471717977453,Tesla Model 3,7.136485621670332,Casual Driver,3.372738572105164,31.88182227346866,20.827204859797313,4.467440132809593,19.35248502342965
48.97534202307546,75.49040404239132,47.904097938603606,BMW i3,-2.996197814862219,Commuter,1.161237733936936,22.06190557198344,41.25261911374055,-7.363300734867522,26.515062019315856
40.00389357145608,57.348292050427055,59.14827213488981,Chevy Bolt,-1.864065534475797,Long-Distance Traveler,3.878900409409207,14.880153191426595,15.248721516905004,-7.982634148971117,17.344398478970973
22.533751566678475,93.29783009724342,79.0022597060318,Hyundai Kona,7.684356808228177,Commuter,3.893154871495159,26.97742286397169,20.292606462812284,3.5106936777174482,70.76407853056494
43.909979474757165,80.05854643034127,19.9168777203513,Chevy Bolt,10.384842627463474,Casual Driver,2.8051787813708304,32.21173098849586,7.1000386330522405,3.1018025158426172,36.1485669555841
14.078141077494076,60.688775546796165,73.22951284506478,Chevy Bolt,35.833595456858994,Casual Driver,3.5163531165106763,23.618123845206853,20.82541497360521,0.6591056114824239,46.61063446930209
49.868120868150704,82.17964274236235,15.058971703234262,Chevy Bolt,28.05657767890564,Casual Driver,3.216985824064025,14.767890758738712,4.681081150743223,0.5263610882178963,32.31152187421164
32.07190535374782,77.49195605753643,12.132557803938544,Nissan Leaf,25.20350172835021,Casual Driver,2.6746900749995723,40.19690033842815,4.536061174841158,1.594893470426476,45.420050703788604
52.91050286219491,67.2187408202672,30.53308100745638,Hyundai Kona,2.33111516426541,Long-Distance Traveler,2.3000050341363685,19.021088745685933,13.275223555726383,8.159652100105458,14.30823795807229
109.26579432595442,82.33383444970028,20.3535460696326,Tesla Model 3,2.770322016701208,Commuter,2.424679354945065,11.161935288902695,8.394324811700201,4.029111136399188,-26.93195987625414
58.996115876586,90.81351987157448,14.018823992805098,Tesla Model 3,33.28195603093967,Commuter,1.8272416718247204,6.291013587854589,7.672123621614658,0.1890217504646157,31.81740399498848
36.84689681505471,92.67951284722466,61.83012083767203,Hyundai Kona,-2.341554226023669,Commuter,1.3995197521599705,49.15968568228321,44.17952711438731,-20.99446817670508,55.832616032169945
22.787479040018432,58.6624943861943,51.62169093377357,BMW i3,7.936964700801351,Casual Driver,1.303555581123807,43.16138737357078,39.60068268763043,5.438021838400393,35.875015346175864
34.92875322393103,79.45914963060314,37.6423038507068,Chevy Bolt,-9.679928907135151,Commuter,2.6670149761721653,19.59636035921344,14.114020426211832,-2.024432260527121,44.530396406672104
25.723471642871232,99.585814595444,70.62045542020036,BMW i3,-4.842996855241946,Commuter,0.637026904969773,18.335547457945317,110.85945486643348,-3.7859920222949044,73.86234295257277
55.66200143730428,52.571622201873645,74.49108355632316,Chevy Bolt,26.307504471636346,Commuter,2.8590804803775773,32.949711654976355,26.054210109708308,1.2524833623235285,-3.090379235430639
23.42576752983394,83.74262073596746,32.52486104511656,Tesla Model 3,25.92667701462242,Long-Distance Traveler,2.287496504307609,31.5531561687629,14.218540218036901,1.2170150517541138,60.31685320613352
54.29560688538636,87.54853995015633,65.32285347166376,BMW i3,-9.395365259699592,Long-Distance Traveler,1.2923823850992102,41.87715415091096,50.54452476667672,-4.457214061760697,33.25293306476996
62.17903554933864,53.74244252427816,30.63992013217628,BMW i3,21.080329879354103,Commuter,1.6293384812840173,46.84858796557754,18.805128881526304,2.22238400602358,-8.436593025060482
78.17878531385018,80.78249491449304,78.15878931012135,Hyundai Kona,20.8310001306784,Casual Driver,1.548133495316547,7.34702904042674,50.48582021290109,0.35269689378027336,2.6037096006428584
16.3556544239116,88.04370260386372,5.3378360735216495,Hyundai Kona,29.249086599941627,Commuter,1.3473103319992674,29.15448171293192,3.9618460177625594,0.996765543885056,71.68804817995212
54.75318080948295,80.76527145643796,29.318815538897795,Chevy Bolt,6.325563651505092,Commuter,2.0626726768907844,36.76426976231584,14.21399326581092,5.812014831843202,26.01209064695501
87.85226345162022,75.36398822746145,23.99396127242872,BMW i3,5.918020657224009,Long-Distance Traveler,3.269542110243809,32.933970559947454,7.3386304453009465,5.565031362258869,-12.48827522415877
54.544755368940045,81.03013387969956,5.69951995446004,Tesla Model 3,32.63449014531149,Commuter,1.0866768976439043,40.48262896138074,5.2449076324504045,1.240486025095654,26.485378510759517
73.36171145435397,73.14283891077369,54.52901286506665,Hyundai Kona,31.247335393559474,Long-Distance Traveler,0.6431048412173435,41.494238016038736,84.79023849649118,1.3279288455613818,-0.2188725435802752
63.932753775970696,87.69917051125832,56.324648784145005,Hyundai Kona,-6.256501931360966,Long-Distance Traveler,3.354432889112449,14.245986238314003,16.79110915199975,-2.2769890259132546,23.76641673528762
45.5068659842013,83.40752160581039,65.2254522844251,Hyundai Kona,4.068853035632117,Casual Driver,2.7599862066097303,18.06959233298836,23.632528354025997,4.440954778840067,37.90065562160909
17.170614248794294,39.31920167051178,23.54038391979749,Chevy Bolt,14.538649316116311,Casual Driver,2.5925972772690966,3.508161487393433,9.079845962267488,0.24129899629015628,22.148587421717487
37.87100088921708,66.16504375021906,18.549702417680702,BMW i3,26.694888257357164,Casual Driver,1.828878540843832,13.855271545417976,10.142665028549134,0.519023395484693,28.294042861001977
27.40042669502671,55.23400520188916,20.763187642544253,Tesla Model 3,8.316822120598246,Long-Distance Traveler,2.68656498163465,23.99284957205273,7.728526123314097,2.884857848844659,27.83357850686245
12.793089168257392,70.71797256504605,46.45478115373152,BMW i3,26.51176747373154,Commuter,3.93657053723412,42.83848279850626,11.800825290525896,1.6158290027608158,57.92488339678866
62.63796602121695,87.47010159296559,49.74934189978176,Hyundai Kona,31.464224787251247,Long-Distance Traveler,2.008221975228492,33.70234120475917,24.77283015196633,1.0711321010652952,24.832135571748644
57.51855751045613,59.21834420857712,66.17491556109752,Hyundai Kona,12.62900174508787,Casual Driver,1.5908913989608646,4.096052506150107,41.5961237858986,0.3243369973991248,1.6997866981209953
41.37761828816223,62.03331148509731,49.83823893887459,Chevy Bolt,-4.843799756853213,Long-Distance Traveler,1.6478234891252015,20.87000776757065,30.24488925408678,-4.308602505304411,20.655693196935076
79.25660844200286,76.33856416576592,50.65984701352952,Nissan Leaf,14.06007874116784,Commuter,0.5600308824381494,41.88423157875781,90.45902396128034,2.9789471559729597,-2.918044276236941
62.99501973890689,70.58747645056332,6.885479431723564,Tesla Model 3,4.057993736673463,Long-Distance Traveler,3.500201170135869,29.44664264254554,1.967166770433451,7.256453448024392,7.592456711656425
68.68211127506426,63.14004386440696,64.76361325790924,Nissan Leaf,-5.431969444252173,Commuter,0.5433591266631455,31.45405800356461,119.1911759274807,-5.7905439871072275,-5.542067410657296
74.61169023972576,62.05991728356241,55.420912210556,Nissan Leaf,-9.366179122075463,Commuter,3.6744100257396752,39.08038684912086,15.082941702838273,-4.172500476422769,-12.551772956163347
43.3631967175386,72.85514963212466,44.06555274761643,Nissan Leaf,21.12350581758097,Casual Driver,0.7388318908606428,18.136176918025765,59.6421909946061,0.8585779782317731,29.491952914586065
57.41823833918885,53.71579569179588,76.70996422567768,Nissan Leaf,20.60610628495849,Commuter,2.718104326803347,37.73494300980388,28.221861636890583,1.8312505277791686,-3.7024426473929637
80.47386392705907,52.86565232596662,6.521023617093562,Chevy Bolt,1.215773748666768,Commuter,0.9500538452594568,34.45341482483377,6.863846348953716,28.3386730981943,-27.60821160109245
78.10179095216837,68.35401867963807,23.019693837419855,Nissan Leaf,12.01626990739151,Casual Driver,2.9097072695904576,23.680039830203164,7.911343549229227,1.9706647747348762,-9.747772272530298
21.819886273129143,61.29106772673944,62.3191755518106,Nissan Leaf,11.126462848905764,Long-Distance Traveler,2.9247352724992024,22.41630595649871,21.307629493098883,2.0146839351288763,39.4711814536103
31.488931192836876,66.30498502948487,64.52243106916856,Nissan Leaf,0.397259806410319,Commuter,1.7249913300016642,39.24707457045789,37.40449586439737,98.79447640348654,34.816053836647995
10.950912707790694,69.30238832786551,52.99672888359278,Tesla Model 3,14.177763270049578,Long-Distance Traveler,3.5264988700635578,38.36925513880513,15.028142879466632,2.7062981944309863,58.35147562007482
27.62289341973861,61.32518277224479,74.73938753754207,Tesla Model 3,9.990199636985103,Casual Driver,0.0953144165458864,44.05048455914645,784.1351838057041,4.409369798383753,33.70228935250618
84.30767807010035,62.79550482109619,18.848843442027324,Chevy Bolt,-2.876962686979992,Long-Distance Traveler,2.414714251795192,47.44796509326113,7.805827719786872,-16.492381117069076,-21.512173249004164
15.359167401010394,56.58027747341746,58.37615445163145,Hyundai Kona,16.972016794308892,Casual Driver,1.8775223705101527,4.6696670367747615,31.092121920107786,0.27513919490938804,41.221110072407065
52.78624625920918,92.86857199351071,13.3246110441358,Nissan Leaf,35.704863864734804,Long-Distance Traveler,1.38201984923984,24.74284750954942,9.641403523592523,0.6929825472318236,40.082325734301534
51.14214596336595,99.98660421478364,14.503455142567915,Chevy Bolt,12.24739891359942,Commuter,2.240834005432468,37.65992488009884,6.4723469509151945,3.0749324934849263,48.84445825141769
11.85553123414742,57.08540547671732,26.34468459019388,Nissan Leaf,-2.058775959888321,Long-Distance Traveler,1.9720670095491293,19.951513324304088,13.358919581651044,-9.690958954750164,45.2298742425699
29.94222930931056,73.7587986463408,50.596951312425645,Tesla Model 3,33.23430131892319,Long-Distance Traveler,3.4731728239963258,9.860027647642006,14.567933666545114,0.2966822606867271,43.81656933703023
52.79679327470648,89.3517921097638,103.81260559148436,BMW i3,8.330158355627752,Casual Driver,3.5254454687342496,16.59138266956989,29.446663269126237,1.991724762154246,36.554998835057326
84.36276676677173,62.14760000864133,70.39888221837178,Nissan Leaf,-7.880884645585255,Commuter,0.5515336215146602,20.75090125342945,127.64205022540139,-2.633067502777594,-22.2151667581304
19.94692587515722,95.09672125231026,77.17272373807074,Tesla Model 3,3.498381005989529,Casual Driver,1.4091282763590154,17.573025616919114,54.76628709592994,5.023188036646832,75.14979537715304
24.3852455984819,88.82972948026371,62.19283345936647,BMW i3,14.276251340517549,Long-Distance Traveler,0.5552103642000609,20.452512310927712,112.01670118131352,1.4326248412901827,64.4444838817818
86.48761305002787,70.89800745335748,71.91146876524706,Hyundai Kona,-4.764488994806529,Long-Distance Traveler,2.886555302238684,10.552801035266455,24.912555359488774,-2.214886223217097,-15.589605596670395
25.118016109663355,59.04654073710448,5.775919735452496,Tesla Model 3,37.10118843149111,Casual Driver,1.8364567962319551,33.74537926514628,3.1451432711640903,0.9095498201481749,33.92852462744112
52.44295176374061,82.42209464917141,53.81020176075347,BMW i3,-0.0328724734896948,Long-Distance Traveler,0.513006350951944,22.344440296603008,104.89188225623771,-679.7310309979495,29.979142885430804
68.12187775308132,56.48043704770824,38.66237698854864,Chevy Bolt,29.180536779668387,Commuter,2.3650578770652744,26.721195372916803,16.34732805631106,0.9157198023696008,-11.641440705373078
46.58776207592858,76.38049503488057,56.69330149715174,BMW i3,25.12730864719061,Long-Distance Traveler,2.391852378811275,44.995222235265096,23.70267580030491,1.790690076165234,29.792732958951987
35.04453497731117,94.56359194190472,40.161421851143096,Nissan Leaf,13.354387166466346,Casual Driver,2.517973871979124,28.479962126485365,15.949896183623332,2.1326296573159294,59.519056964593545
88.94643474449397,63.743344919418114,42.51736091943514,Nissan Leaf,10.333196461649678,Casual Driver,0.9297646566647816,39.91263736239426,45.729164487658515,3.862564455299466,-25.203089825075857
125.0872271230777,97.05902046746334,29.29844560325747,Chevy Bolt,7.640810712407223,Commuter,1.8733968578439004,30.979410566232023,15.63920932213859,4.0544664345535155,-28.028206655614355
38.02384077001244,94.36765550022876,67.22515101988213,Tesla Model 3,12.265243732279334,Commuter,0.5046012170071925,37.2360143567669,133.22431408032833,3.0358968129406327,56.34381473021632
10.896089231058816,69.95912479845512,76.71844669022504,Hyundai Kona,27.955437205015198,Casual Driver,3.77490932141669,44.13745109144485,20.323255516355896,1.5788503240981904,59.063035567396305
75.85725205688395,92.36496167231005,60.96907588597162,Nissan Leaf,20.465566167774167,Commuter,2.4969601810931428,6.682750854200964,24.41732004684192,0.32653632933565596,16.507709615426094
27.014978040990016,55.861029409729085,48.32460775397477,Nissan Leaf,3.4993413766720423,Commuter,2.311636670944888,19.59383734315731,20.90493214672094,5.599292905167063,28.84605136873907
25.201903407412274,96.7634420547716,65.54082473190631,Tesla Model 3,0.947645050608024,Commuter,1.1606546727693638,31.858997698920543,56.46884148195737,33.61912530274844,71.56153864735933
81.2848669802037,66.07649512570205,68.74906948767578,BMW i3,13.789659826810096,Commuter,0.5546371779020524,10.761670592921948,123.95322965496682,0.7804159586300252,-15.20837185450165
89.87079040064869,93.90137525264328,67.43740257394747,Nissan Leaf,34.08218775904674,Casual Driver,1.8145610590347336,16.09934851847499,37.16458161502771,0.47236840053501544,4.03058485199459
82.76444286202731,60.77776334578708,10.450657832354688,Chevy Bolt,20.63494735094825,Long-Distance Traveler,1.4282962338251743,39.893826100669024,7.316869977572079,1.9333136848946582,-21.98667951624023
60.727202748946425,61.20655136874687,30.80566200277668,BMW i3,29.11438026886234,Casual Driver,1.0378600717476725,18.97988934768992,29.681903024655753,0.651907723002052,0.4793486198004473
43.886190846537644,81.46898348084524,62.09565922628094,Hyundai Kona,-8.559081242956825,Commuter,2.477935464885133,30.52868478649712,25.059433591487597,-3.5668179702837666,37.582792634307594
27.678537866654462,92.57272070890085,28.864060959229157,Tesla Model 3,13.194479356064214,Casual Driver,2.113671385265924,38.34408586043845,13.655888592917544,2.9060703969964083,64.89418284224638
58.60908208265877,71.21956042362135,33.370542026215475,Hyundai Kona,15.418433423035204,Commuter,2.4863752525971208,41.92916859260739,13.421361876634903,2.719418208205578,12.610478340962572
29.666501463197683,99.8568507681671,73.09045077014305,BMW i3,2.5942497264893376,Casual Driver,1.7540479473185384,30.388803808157416,41.66958541918905,11.713908456022464,70.19034930496943
23.69485787229742,56.10531021153972,26.992344080966543,BMW i3,25.10961224820208,Commuter,3.548983525567543,46.58137118308024,7.605654939367465,1.855121087599256,32.4104523392423
88.60942030171464,81.44337976475231,6.9381938340043,BMW i3,1.2019821663508825,Commuter,3.2909626809163703,13.2879240552999,2.108256612643312,11.055009323175675,-7.166040536962328
81.1021620402358,92.83360459772088,42.29018026674148,Hyundai Kona,36.82658398230539,Casual Driver,2.012292994982237,37.806096359579605,21.01591585926819,1.0265979700355825,11.731442557485082
14.364249190360638,80.38540836870507,30.036118378192803,BMW i3,34.95455887605409,Commuter,1.6434822524313395,13.372949045558247,18.27590065773931,0.38258097013833287,66.02115917834443
56.66366372880108,73.29028271679678,10.386093782293678,Hyundai Kona,16.830516164835082,Long-Distance Traveler,1.2425644202586024,47.76649443710824,8.358595830493943,2.8380885036021293,16.6266189879957
35.421950002135304,88.85354956614376,45.71947918248383,BMW i3,34.297789398053226,Commuter,2.872161730269349,47.84255660041194,15.91814231791059,1.394916624076289,53.43159956400845
51.18826307688968,63.46582475528865,24.59962969556764,Chevy Bolt,14.205489919727103,Commuter,2.0078608677549403,11.820175787578869,12.251660506274694,0.8320850498203685,12.277561678398968
76.8199763212987,50.972793140727326,23.1470476755872,BMW i3,15.605058979984308,Commuter,3.2840921871772863,25.399493636182896,7.048233227424211,1.6276448342016094,-25.84718318057137
37.682102722139774,81.9072284186087,52.71641215020086,Hyundai Kona,0.1669976050643421,Long-Distance Traveler,0.5628169402063448,6.422556538989332,93.66529040663474,38.45897392669075,44.22512569646892
85.9024619599349,91.27822446726908,68.25299905062542,BMW i3,37.52882264494277,Long-Distance Traveler,1.6319957436277532,29.208426798948363,41.82179966897846,0.7782931821572711,5.375762507334187
32.61238657309413,65.16007356921413,56.42022999086558,Nissan Leaf,17.596802362332962,Long-Distance Traveler,0.8288732839363397,25.40285241085352,68.0685830805458,1.4436061670630504,32.54768699612001
89.8386106965979,97.49538046654772,52.90446366869147,Chevy Bolt,32.57385369012299,Long-Distance Traveler,1.5469560347093554,15.572055588337298,34.19907384674397,0.4780538322691319,7.656769769949818
72.89998625989823,18.700349486531323,28.1635456086215,Tesla Model 3,15.44621676643309,Casual Driver,2.2913223910351843,23.389205345851654,12.291393702960168,1.51423521367898,-54.199636773366905
40.92338001382405,83.06868681876806,1.356731546885289,Chevy Bolt,-6.550323205012361,Commuter,1.5712045852380068,16.26758640521298,0.863497700829183,-2.4834784324481713,42.145306804944006
29.614363227382576,88.37842811530948,55.78297746472087,Nissan Leaf,14.240494893531343,Commuter,1.37679715607362,46.33334189802024,40.51648219829563,3.2536328438323356,58.7640648879269
77.48514337130472,88.66543213628108,16.67359945711931,Nissan Leaf,33.7293207659469,Long-Distance Traveler,1.809282615508712,32.99482958919536,9.215585953348272,0.9782239558914249,11.180288764976368
76.55821189990698,81.58200949625066,13.280712325754468,Hyundai Kona,4.206090638748936,Long-Distance Traveler,1.7614413222294734,59.14854488775761,7.539684778681666,14.062593978086696,5.023797596343684
86.16194217356585,81.61986322060685,7.668660934509698,Nissan Leaf,27.25894496066993,Long-Distance Traveler,0.7499042038041743,25.457146678252645,10.22618741914967,0.9339006595810302,-4.542078952959002
49.301060486496944,73.24351852996135,64.94285706525936,Tesla Model 3,12.254928644869278,Long-Distance Traveler,3.6367947005783794,49.319128854525374,17.857168856666874,4.0244321516448505,23.942458043464406
77.27588158438571,95.74723144237556,46.55965371578422,Tesla Model 3,1.6535023008047476,Commuter,1.6657565361852955,35.776000248726106,27.951055694134773,21.636498619514583,18.47134985798985
64.28041814613954,82.38389625223746,54.88401335852117,Nissan Leaf,30.593877927821687,Commuter,1.8867705056862327,6.98513680525674,29.08886544130042,0.22831812370227655,18.103478106097924
55.29384158305011,90.0971146794724,74.2197558575455,Tesla Model 3,3.2051027160505488,Long-Distance Traveler,2.8291553779805483,3.5666530370869136,26.23389172443529,1.1128045972523093,34.80327309642229
22.542508411280863,84.67236204491557,20.581387676280656,Nissan Leaf,6.7417676444803085,Casual Driver,1.536944425840643,37.02662574504806,13.391107271184197,5.492124276244212,62.12985363363471
46.32842585884544,52.15170916533472,36.047577386304056,Tesla Model 3,6.876897281568692,Casual Driver,1.645779959820823,49.85189638729916,21.903035804512154,7.2491843844914055,5.82328330648928
58.968752752506965,81.66823961304,31.73575031358406,Hyundai Kona,-9.56906362005498,Casual Driver,1.96195761837512,11.129872762551232,16.175553445373296,-1.1631099138295085,22.699486860533035
17.189637655147195,57.13538346069592,64.5382469650896,Hyundai Kona,12.326389479259715,Commuter,3.970999800756029,17.56016007058113,16.252392395688943,1.4245988332696866,39.945745805548725
25.52830137336865,73.36154763754071,41.5686202547537,Tesla Model 3,-2.134070301936488,Casual Driver,2.534327206990629,27.876882761572915,16.40223099057288,-13.062776205768387,47.83324626417206
41.11182645121117,63.0261598722875,34.375669740166174,Hyundai Kona,18.00012703193646,Long-Distance Traveler,3.14574570749033,3.806546848260664,10.927669600983425,0.2114733324663184,21.91433342107633
30.06718877773716,90.2070511207323,12.118093232455848,Hyundai Kona,20.98749334177654,Casual Driver,2.8544938427036954,7.997038341783679,4.245268653646117,0.38103827891943715,60.139862342995144
60.60395556948446,71.95417880149918,48.27254828512783,Hyundai Kona,33.54745431599779,Commuter,3.649578321999032,43.142319817212005,13.226883772886636,1.2860087507933116,11.35022323201472
29.476011117716563,87.34323555672688,26.4021039498391,Chevy Bolt,22.883741256432277,Commuter,0.9580223408018254,47.75905348319621,27.558964781282263,2.087029954936755,57.867224439010315
55.80982585519321,60.03055717875766,54.62699762686274,BMW i3,-4.373660484360055,Long-Distance Traveler,2.231225791454563,27.773067432070523,24.48295364641278,-6.350073932667002,4.220731323564451
27.56248158524955,63.29227669048761,69.44996147928137,Nissan Leaf,37.899071590588136,Casual Driver,1.0662067473464614,49.4167326886436,65.13742447431143,1.3039035156976184,35.72979510523806
88.31726131615515,103.06345239975644,66.18914418092677,Chevy Bolt,21.85316588635689,Long-Distance Traveler,2.5014630992521187,2.535237861846668,26.460172129149473,0.1160123835159938,14.746191083601289
62.24698007651001,82.888930350227,13.66384250802366,Hyundai Kona,36.088928883769846,Casual Driver,0.7991338052061846,14.33045702276969,17.09831622565166,0.39708734689586417,20.641950273716986
78.60513123193002,55.81019314986585,31.810223412630616,Tesla Model 3,14.48313566125389,Long-Distance Traveler,3.674137370718397,32.83733503507112,8.657875360389921,2.2672807742124124,-22.794938082064164
28.461230838653726,49.09641537645538,79.46231190835228,Hyundai Kona,32.538820532000145,Long-Distance Traveler,2.895348986072257,25.4125201652172,27.44481314363021,0.7809908211093693,20.635184537801656
59.93105266224815,69.52130643027168,26.615202038752912,BMW i3,28.898031697778837,Long-Distance Traveler,1.3179175040508335,22.743966622605768,20.19489228798219,0.7870420677943237,9.59025376802353
96.11613713747894,57.32059939540834,64.40334432867209,Tesla Model 3,5.967630772540458,Commuter,1.4631090941590412,35.92852161296851,44.01814231473254,6.020567119918097,-38.79553774207061
76.76630833937877,55.041266802686565,41.58671280364108,BMW i3,-3.176426468742463,Casual Driver,3.3058021698282234,39.75364156728047,12.579915756363006,-12.515209137839356,-21.725041536692203
81.36186445688712,66.48345027491834,76.4481598100646,Hyundai Kona,18.50519212950868,Commuter,2.515123737213468,19.766106813954536,30.395387184712554,1.068138427076106,-14.878414181968779
14.367222164095724,93.02253678331718,19.89879895108544,BMW i3,22.189261165233205,Long-Distance Traveler,1.8496720908513216,33.63605071304322,10.75801437968765,1.5158706936013346,78.65531461922146
19.64174718336392,65.46861812315663,25.1008625389698,Nissan Leaf,-8.675996097347834,Commuter,3.775303416191173,24.43460764935305,6.648700719343387,-2.816346085819756,45.82687093979271
52.03296567632051,105.6169219318498,27.04710323077237,Nissan Leaf,20.56538826962948,Commuter,1.109637723285248,4.5216315423165945,24.374714975168104,0.21986609166013374,53.583956255529294
64.15663500524101,65.40054488526368,30.184684241437047,Hyundai Kona,26.17562590446412,Casual Driver,2.9714279747215,40.18246010654073,10.158309236577116,1.5351098099124276,1.2439098800226702
41.89272736540871,95.37829796681748,15.342120681093242,BMW i3,36.03515006018003,Long-Distance Traveler,3.3924522509710866,43.49684995974235,4.52242789171213,1.2070672631333852,53.485570601408774
78.22201633321833,74.80767196420969,45.34396447469323,Tesla Model 3,37.9722579089503,Commuter,3.0235736375596303,11.27466652026834,14.996811690450839,0.29691851738979236,-3.4143443690086457
51.19126735473256,66.23084709485897,60.26038300407493,Hyundai Kona,6.872874117919974,Commuter,3.030396835550412,31.22297313743316,19.88531082699927,4.542928126098514,15.039579740126413
58.40045758268339,65.01799108616504,5.650181738384828,Nissan Leaf,23.05944662777797,Casual Driver,0.6399514507924429,11.667438213057288,8.829078723688005,0.5059721684302002,6.617533503481653
84.13308475155758,76.1749192144271,32.491515817951985,Nissan Leaf,17.163043466294006,Casual Driver,0.7759716069971889,47.25775934357723,41.87204212752812,2.7534603309946366,-7.958165537130469
15.973834415845005,62.9312696243236,61.46067458832575,Hyundai Kona,-9.469038376152003,Long-Distance Traveler,2.469784373228879,31.65043077258852,24.885036626891836,-3.342517953280333,46.95743520847859
45.88552782646099,90.42239600795594,41.57891512365271,BMW i3,21.276982361679877,Casual Driver,1.0769985933129254,35.41810599547556,38.60628545089643,1.664620733965735,44.53686818149495
61.83041388098421,61.69216277980648,41.60286682113125,Nissan Leaf,18.099397255919133,Long-Distance Traveler,1.49511890442402,4.90972210158473,27.825791445770225,0.2712643980439227,-0.13825110117772965
42.99230053892738,50.440450369675816,29.697898464844947,BMW i3,8.199106994886627,Long-Distance Traveler,3.9196356376575463,32.30310225795641,7.5766987572837285,3.939831774131285,7.448149830748434
28.898519624791028,57.73534409312983,72.71574852972469,Nissan Leaf,4.485795959215874,Commuter,0.6821324319309614,32.25343212250283,106.60063226122087,7.190124654742609,28.836824468338804
73.65740811728803,93.02610697458002,61.92710360384021,Nissan Leaf,7.685197904873899,Commuter,0.7984037862290121,25.27459825729891,77.56363969205576,3.2887374626058667,19.36869885729199
75.29528502074453,65.45118030280928,12.666812834895836,Chevy Bolt,25.334170387933614,Commuter,2.3173563103421726,36.15762510493737,5.466061812922287,1.427227517272831,-9.844104717935252
50.08944938648692,74.78962116495197,78.95506101572013,Nissan Leaf,37.20721923843083,Commuter,3.796562675515384,41.30756664038859,20.796459261666733,1.1102030059188774,24.700171778465048
67.10984362193446,66.71032209156328,64.98220570964298,Tesla Model 3,1.1741854019925757,Commuter,3.7347586678524105,38.49923631058793,17.39930514627055,32.78803862256785,-0.39952153037117455
29.08564191565545,78.12984431226614,37.28701875736325,Hyundai Kona,6.233313953621948,Long-Distance Traveler,1.9047180148348133,29.148826227508486,19.57613592508441,4.676296821303406,49.04420239661069
32.50685926451319,89.84464823529999,72.09484050132289,Hyundai Kona,-3.311599169989914,Commuter,2.0228182434483357,7.424169715513885,35.64079013763564,-2.241868455214191,57.3377889707868
18.32067912471357,81.15356977414737,65.75133335346975,BMW i3,18.95955581826692,Commuter,0.8762452298830018,42.51413254693079,75.03759348538652,2.242359101365117,62.8328906494338
87.89447635185651,67.7784177480529,42.86561113214803,Nissan Leaf,-5.560344629154537,Commuter,2.1935147260171712,33.884619968872244,19.541975544417873,-6.093978382419881,-20.11605860380361
23.344139229666805,68.13930114934985,33.39817875530706,Tesla Model 3,27.28334185780242,Long-Distance Traveler,2.4550069759789315,14.420929224434923,13.60410747590221,0.5285616879191383,44.79516191968304
70.98136180299576,94.37776504731777,46.5117702649118,BMW i3,38.45202722070744,Casual Driver,2.8093466210082094,10.481223831096187,16.55608101794851,0.2725792263418499,23.396403244322002
51.814911293300895,76.07639192771855,74.54048485931233,Chevy Bolt,10.74680104545826,Casual Driver,3.5910798729146616,16.935868935365697,20.757122508336842,1.5758986198523717,24.26148063441765
65.22042875296964,88.65894891293276,53.83827205577136,BMW i3,4.719933351279762,Commuter,0.9481929847390816,25.60597779167056,56.77986751883244,5.425071899527514,23.43852015996312
24.87475155858137,58.71010168215999,76.49931986653537,Chevy Bolt,45.75334767132824,Commuter,3.007714521664014,37.44551097801787,25.434368626252542,0.8184212278194334,33.83535012357862
42.52683279726473,64.39746848163185,5.614874084822165,BMW i3,5.264035651558466,Long-Distance Traveler,2.4596015464435803,18.561165291353888,2.2828388984146226,3.5260333553893553,21.870635684367116
25.363981311683013,14.989946320580836,26.46822315749027,Tesla Model 3,14.938962399475924,Long-Distance Traveler,1.3772959301454932,15.863349570407047,19.21752804039307,1.0618776020859086,-10.374034991102176
60.64343387805784,55.02332896521806,6.8738855284034415,Tesla Model 3,38.70574588692664,Commuter,1.4944755247188948,42.83582803315509,4.59953034673913,1.1067046261889357,-5.620104912839778
55.749780360748325,53.49480287054351,7.569584209512826,Chevy Bolt,26.733927457809,Commuter,3.27187747187611,40.84040127692055,2.3135292426376806,1.5276618574421634,-2.2549774902048156
48.444748344060486,92.49696553778732,49.5455465707554,Chevy Bolt,36.81082491098743,Long-Distance Traveler,0.6749395027714313,27.007663464458027,73.4073889101347,0.733688080334127,44.05221719372683
81.62522040570914,52.321356120303,72.83010773877143,Hyundai Kona,31.78229688789351,Casual Driver,1.6078485256928945,45.37916919866272,45.296622520697746,1.4278127650348809,-29.303864285406142
78.36258956686292,91.25000145077829,71.12558827151543,BMW i3,-1.7144756464186806,Casual Driver,0.8234738515861253,14.167129141388296,86.372612967027,-8.263243150161747,12.887411883915362
51.05548437559695,50.98469610894102,53.39924325525044,Tesla Model 3,31.619341677485203,Long-Distance Traveler,3.4305145067046974,49.76976563845879,15.56595757017946,1.574029154246995,-0.0707882666559243
60.71131119139218,67.30386447899235,5.746444809429853,Tesla Model 3,16.976171076313854,Commuter,0.5810295603537152,7.007637736562545,9.890107494585253,0.41279259646128397,6.592553287600175
72.99405914705466,64.45040221704758,39.46218311483076,Chevy Bolt,-1.2608528767847478,Commuter,1.645409808093363,40.998375341873775,23.983194290398696,-32.51638323292892,-8.543656930007074
11.083545913952166,74.4052795934412,63.83060874636528,BMW i3,13.919159881889572,Casual Driver,2.4586525201777665,38.13906947158999,25.961622564603058,2.7400410509842126,63.32173367948903
38.584757552644014,78.14300037423867,72.94802476319454,Hyundai Kona,34.422203587940146,Casual Driver,3.757952843891181,14.790119300536766,19.41163920717545,0.42966799794649113,39.55824282159465
66.19996585752617,78.69730898608768,21.097847217832147,Hyundai Kona,-3.5252079868623687,Long-Distance Traveler,3.468062457867462,37.26275518553577,6.083468067298123,-10.570370691433073,12.49734312856151
63.04816280361352,97.7190613489558,58.7914423257815,BMW i3,-4.119519404011887,Casual Driver,2.4717227683053737,34.24176571321428,23.785613451337518,-8.312077782633372,34.67089854534228
17.729717562967462,82.79136169634214,65.18392768549774,Nissan Leaf,17.14920107046611,Commuter,2.408337111546665,38.57770532755983,27.065948273178325,2.249533676177913,65.06164413337467
61.84883271010332,64.36786853814274,72.54995630814713,Hyundai Kona,9.6879735645313,Commuter,0.3599172409276058,35.112702584459015,201.57399551398518,3.6243598674763473,2.5190358280394207
55.28433248688425,93.58373877917836,57.55690005797869,Chevy Bolt,24.24837181931027,Casual Driver,3.3415037801842224,13.036283136136436,17.22484960193745,0.5376147822739565,38.29940629229411
93.24635424330658,69.22633585132662,67.41433642306683,Nissan Leaf,32.355743365128006,Commuter,3.043865243332828,48.63021491124283,22.14760872569137,1.50298555537608,-24.02001839197996
16.00498510621164,70.4098916045716,21.030519654584147,Chevy Bolt,35.80057735935224,Commuter,2.84441668585701,8.332992518212054,7.393614219446805,0.2327614003139872,54.404906498359956
90.69939969167524,91.81780236135606,16.47214029543078,Tesla Model 3,39.911736178054056,Commuter,1.7717153171269555,22.114456814246758,9.297283901198242,0.5540840597760479,1.118402669680819
18.93648977863772,51.58666808369004,78.30687812670662,Nissan Leaf,4.6909699785736425,Commuter,2.400157460171667,11.811002501678058,32.62572536432916,2.5178166894321854,32.65017830505232
52.90034739238265,72.17599402379142,38.59965910016511,Hyundai Kona,2.03733962078266,Commuter,3.9114147215836215,31.47135995232412,9.86846495391243,15.447282147408565,19.27564663140877
13.354201357160642,65.43262383674566,26.566509231569366,Nissan Leaf,37.665443163360855,Casual Driver,1.0655562561532388,43.375916432063285,24.93205692159045,1.1516104096780495,52.07842247958502
62.42090098406074,91.38325835262438,23.02231536206597,Nissan Leaf,4.619965681193786,Commuter,2.64563739765335,6.999032822023879,8.701991959475059,1.5149534228174932,28.962357368563644
88.13204445267742,58.35691808891281,62.04960065177048,Nissan Leaf,11.034156205320189,Commuter,1.1777169888307482,31.374967924079545,52.686342508631114,2.843440616596664,-29.775126363764606
37.26698194802374,70.74768658360593,63.29716818793051,Chevy Bolt,7.957659565172058,Long-Distance Traveler,0.8335445839843811,30.686694797486908,75.93735164754735,3.8562462425248785,33.480704635582185
32.27555920443467,58.86833854431998,21.002230102472843,Tesla Model 3,37.19955857157731,Commuter,1.8634359746913332,26.2327228750375,11.270701214165266,0.7051890904716506,26.59277933988531
22.320229882583984,89.40895162500289,36.3229254401527,BMW i3,-1.5247863712947982,Long-Distance Traveler,2.005413957626917,19.413529706676293,18.11243274836633,-12.731966964126892,67.0887217424189
17.565958896665308,99.9408172627621,65.45087828663634,Nissan Leaf,10.837702741330595,Long-Distance Traveler,3.919259958790604,47.4435191653886,16.699805313968767,4.377636137265354,82.37485836609679
48.0560017004394,81.16068391004717,46.92333914698138,Hyundai Kona,11.796331097082197,Casual Driver,2.219335715828513,38.70199053243804,21.14296580383025,3.2808498010038827,33.104682209607766
84.84170283715224,62.84957818789046,44.72944867558798,Hyundai Kona,12.80764367381328,Long-Distance Traveler,1.3547156561578209,36.47363187753644,33.01759190002091,2.8478018913120633,-21.992124649261783
43.72609898965084,96.35537303727936,57.859669994397166,Chevy Bolt,-7.46238544382611,Long-Distance Traveler,3.1047758548325763,40.17499281083346,18.635699547952463,-5.383666270424508,52.62927404762852
36.57910927172929,44.08637268371391,25.892596490424456,Hyundai Kona,-6.698703624027615,Casual Driver,2.5747030476463624,23.43530217692562,10.056537010780291,-3.4984832129108403,7.507263411984624
73.79002998161442,95.2886288860187,65.89861180142826,BMW i3,26.153668674740423,Commuter,2.155199155869485,39.459358758943125,30.576576471812132,1.5087504261707467,21.498598904404275
64.52432585147629,57.798200960914784,34.80201788379793,Tesla Model 3,14.224294146774383,Casual Driver,0.8520497980881836,16.59673017522612,40.84505150037729,1.1667876102653383,-6.726124890561508
63.6212275771028,82.11490616846856,77.34671417127635,Hyundai Kona,-5.390181107833149,Casual Driver,1.8165242448030536,7.85189464136765,42.57951105940908,-1.456703306305808,18.493678591365764
39.60719965721378,85.42662634465816,31.73110320047439,Tesla Model 3,-9.30311606449408,Commuter,2.64898293412186,68.54260187297076,11.978598575227618,-7.367703616486938,45.81942668744438
10.86844432855906,72.77003285819575,41.27067550637497,BMW i3,-8.037420442484514,Long-Distance Traveler,3.4909127560735143,6.792363387650859,11.82231650864719,-0.8450924567473809,61.90158852963669
89.07810182357422,96.16384199258748,41.95057477332522,Nissan Leaf,11.050774885480116,Commuter,1.020998813824791,39.25700470430688,41.08778012794457,3.5524209941049127,7.085740169013263
19.46391120325772,67.77212935880982,46.412062022825936,Hyundai Kona,-6.860000383855454,Long-Distance Traveler,0.851404001814604,28.155322376505964,54.51238416064236,-4.104274169250428,48.3082181555521
33.347001876837226,84.36688507744745,21.409576368254196,Tesla Model 3,29.298692119115717,Commuter,2.688747405717744,24.625701062345183,7.962658122040678,0.8405051311583401,51.019883200610224
57.08432709765952,88.92940041903762,54.99600399457137,Chevy Bolt,3.2442471291325976,Casual Driver,1.2462496848105056,23.093104580170717,44.12920192869185,7.118170614316004,31.845073321378102
35.53501680990728,91.07521077036716,11.48343148800489,Chevy Bolt,-9.30581701543396,Long-Distance Traveler,3.621537943128784,21.479901891293174,3.170871510484277,-2.3082231098750547,55.54019396045988
43.73232054574708,18.83987638782527,39.469966222866766,BMW i3,-2.094621088055161,Casual Driver,2.399707257559314,21.76519335517244,16.44782549976981,-10.390993139184543,-24.89244415792181
27.5521263709905,68.84943482879109,27.61163115157696,Nissan Leaf,34.20946138998912,Casual Driver,2.1747180096332643,41.06408281007833,12.696648958286447,1.2003720941977505,41.29730845780059
42.74181829169473,88.23131388421965,15.254170728009932,Tesla Model 3,-2.2583171498135663,Commuter,3.308464005125461,6.762530033811055,4.610650351455607,-2.9944997027407467,45.48949559252492
51.66193909108173,92.05776182737962,45.06853330402873,Hyundai Kona,37.01416735411192,Long-Distance Traveler,1.7125795757007114,41.03311513860815,26.31616886216145,1.1085786354734728,40.395822736297895
28.835198378086417,76.29684375070215,10.155212817693824,BMW i3,7.541240675992974,Commuter,1.5201044618026391,41.18046160227635,6.6806019407713,5.460701146082176,47.461645372615735
42.69807426210118,60.69092056799536,54.99770543084315,Tesla Model 3,22.32525036030907,Commuter,3.4786292848725786,34.58457236976521,15.810165708088007,1.549123607198214,17.992846305894183
26.65071179350475,56.36477070018802,64.87047474097292,Hyundai Kona,27.33409428258677,Casual Driver,3.233908961731549,38.98816936527054,20.059462250984016,1.4263567309822303,29.714058906683267
25.684348116376185,94.52863671218913,25.13233553126914,Tesla Model 3,40.25549685924228,Commuter,1.899860256838659,16.20549350507357,13.228517961152045,0.4025659790447461,68.84428859581294
14.151779294810476,64.60719261026487,14.462719261155256,Chevy Bolt,1.7816978525239922,Long-Distance Traveler,3.400121467770743,44.04035430259583,4.253588996230067,24.71819463676588,50.4554133154544
41.24381173795679,60.46037412094381,79.41814361458415,Tesla Model 3,-0.3803868203410356,Casual Driver,2.448882988088648,40.53974347421139,32.43035457425835,-106.57504757358709,19.21656238298702
22.97712852618256,94.85638958345972,44.41845305466813,Tesla Model 3,36.38826993443427,Long-Distance Traveler,2.3443707303892207,19.66302252368397,18.946855324069677,0.5403670622184987,71.87926105727715
37.01027816622928,80.97290503288538,74.02042766018057,Tesla Model 3,17.890667690753563,Long-Distance Traveler,2.686048358029112,31.703436019536827,27.55736970964032,1.7720655577277376,43.9626268666561
70.62591952243636,79.48964999225626,36.50542214391232,BMW i3,11.102328786021516,Long-Distance Traveler,2.2555252746725967,11.40879036693086,16.184887198486972,1.027603360233323,8.863730469819899
76.15030562077015,88.85898881746061,39.0670867855152,Tesla Model 3,18.6174591219132,Long-Distance Traveler,3.869592051198957,16.674739845440627,10.095918708901273,0.8956506758655404,12.708683196690458
35.17374581690467,92.8971265887208,63.79396886506549,Hyundai Kona,22.736710448285702,Commuter,0.780726977348041,25.33774294986998,81.71098311699139,1.1143979252187903,57.723380771816124
36.06774243125904,61.52733401108259,67.45124177150385,Chevy Bolt,20.70521874101495,Casual Driver,0.8496021129916236,45.01922284159334,79.39156546350169,2.174293515306593,25.459591579823545
24.393135728855853,64.47087617102001,56.888515995947614,Chevy Bolt,29.95583091727802,Commuter,3.002854685668635,4.866182245217335,18.9448115046834,0.16244524342039207,40.077740442164156
27.334576091679416,82.10819943528537,47.01289216755188,BMW i3,15.723862443784828,Commuter,1.666889947193717,32.3517607544628,28.20395686391904,2.057494516383949,54.773623343605955
36.21438191699346,85.98415765413446,73.61974524719619,BMW i3,36.1588452222002,Casual Driver,3.512410977008963,25.276272098020304,20.959889298002363,0.6990342734314314,49.769775737141
18.607075567989952,79.10217892402866,41.943586371262185,Tesla Model 3,-0.3092942770735867,Long-Distance Traveler,2.5369563233262555,11.336239337835234,16.533034481361938,-36.651953101408786,60.49510335603871
43.85212940109913,85.03959004546304,37.1629261473043,Chevy Bolt,26.515870835747123,Commuter,2.5098001501468183,16.71357046527665,14.80712563712706,0.630323272006002,41.18746064436392
27.06295343591448,96.5732929286612,34.66100210237426,BMW i3,5.413055945134586,Commuter,3.1763189433023564,20.939420194012936,10.912317912992043,3.8683177129979422,69.51033949274672
45.45218187639201,52.39898306058275,8.891155819549416,BMW i3,25.21467243463633,Commuter,2.8843947056540618,48.73579805836498,3.0825031685576016,1.9328348676629512,6.94680118419074
53.30640620365728,57.5164175290219,29.379323254386147,BMW i3,26.351977889667808,Commuter,3.713389685661965,9.761640088024611,7.911726412077019,0.37043291888355734,4.2100113253646185
12.688739217031737,82.08507354680322,16.080974332847084,Hyundai Kona,38.07846357748428,Casual Driver,3.2688994137050384,36.72813141128639,4.919384874746138,0.9645381656891131,69.39633432977148
74.0910966639012,67.42246670007289,15.807797227472452,Chevy Bolt,22.803971948451284,Long-Distance Traveler,0.7272326804294439,7.184034011462772,21.736918118335478,0.3150343294449926,-6.668629963828309
30.09851054515697,86.75793989597003,60.12372287224216,BMW i3,34.63224698985543,Long-Distance Traveler,2.96901443494091,30.659343811920305,20.250397628477263,0.885283124161742,56.659429350813056
46.180880806019246,57.46766554454359,67.93942571536539,Tesla Model 3,5.543129286631091,Long-Distance Traveler,1.2230618926040728,17.89966430419242,55.54864077296422,3.229162333875704,11.286784738524346
19.340322880931105,87.55060863775552,70.04034616527528,BMW i3,-1.336590181200517,Long-Distance Traveler,2.9342655260543493,32.410287611863005,23.869805081838383,-24.24848548771493,68.21028575682442
58.62796231923209,66.00498834158871,36.56579373074047,Hyundai Kona,6.774915909691412,Casual Driver,1.591615524315486,46.26542306507794,22.974011733434494,6.82892949252639,7.377026022356624
57.96078635375154,73.66118680530789,20.45364201596675,BMW i3,7.501798525313916,Commuter,0.9197906435013752,26.50464266178465,22.23727992938229,3.5331051043756942,15.700400451556355
17.34015102606766,75.07974999789877,9.716946683936513,Hyundai Kona,5.937826145838496,Long-Distance Traveler,2.3680969327218278,43.55543394226943,4.103272357507812,7.335249108429202,57.739598971831114
86.66804504011142,87.83956713726477,61.68434321639767,Tesla Model 3,37.44001253981505,Commuter,0.6743009901303187,13.412801608882669,91.47894503977557,0.3582477862318827,1.1715220971533427
25.487878220389383,91.46611949979288,28.578878080059383,Hyundai Kona,17.67509365493429,Long-Distance Traveler,0.9772797884793448,18.89050926115035,29.243291856601626,1.0687643092559658,65.9782412794035
44.7142151570006,79.20117923596027,21.13404477845307,Hyundai Kona,-1.2121201955981975,Long-Distance Traveler,3.8985181427387463,32.29204570108007,5.4210456395634985,-26.640960045338996,34.486964078959666
18.361941725144952,58.12952778906229,46.76604426109744,Nissan Leaf,6.270019136181286,Commuter,0.8976082931589286,1.4725491393748178,52.10072658365818,0.23485560528474944,39.767586063917335
17.018773150471347,77.27513131934126,17.759774553770676,Nissan Leaf,28.11987387730742,Casual Driver,2.715262624903961,42.822405097963895,6.540720735770021,1.5228519617408858,60.25635816886991
63.91237041956912,87.44451136593865,79.39006382394219,Nissan Leaf,14.461304343531758,Commuter,2.714307815753389,19.137789169043728,29.24873272042895,1.3233791858895263,23.53214094636953
37.96677199116324,66.651863202737,21.069157575738828,Hyundai Kona,5.922050897982931,Commuter,3.724054728769408,28.509014979393807,5.657585376759758,4.814044234085199,28.685091211573763
22.70527169388543,51.00979703867647,19.402523927112213,Chevy Bolt,-9.275049108842106,Long-Distance Traveler,2.052873698794108,5.010837899876794,9.45139680951126,-0.5402492041901809,28.30452534479104
39.4955529396218,81.20907646730309,44.87005617634201,Chevy Bolt,7.066994360010764,Commuter,1.587339770691813,41.419459031249644,28.26745540230887,5.860972419282723,41.71352352768129
28.23204060333597,72.28374893287089,46.21171801338653,Chevy Bolt,15.69308559250257,Casual Driver,3.413165992217541,48.97288766046728,13.539253033328944,3.120666574575,44.05170832953492
65.23313127161703,89.08926956209135,57.03840397041998,BMW i3,8.223442942415684,Casual Driver,2.1878805730584854,43.967390638822295,26.070163368508165,5.346591561065373,23.85613829047432
57.60771498741192,73.13541480508145,32.93955896020962,Tesla Model 3,-3.485828978930491,Casual Driver,3.26383961973176,38.70625781494024,10.092272537250702,-11.10388893112477,15.527699817669536
42.4281627217739,74.74473036868736,63.023554629150055,Nissan Leaf,-2.815440130297377,Long-Distance Traveler,1.328228592217343,8.5590068567144,47.44932837497394,-3.040024458204468,32.316567646913455
51.939978507349934,68.814308755249,33.013974817380586,Nissan Leaf,18.7966227017896,Long-Distance Traveler,2.661667835438844,31.903997531199416,12.403491667072496,1.6973260589074801,16.874330247899067
40.51960080375618,70.54702336187589,53.17397382318082,Tesla Model 3,37.89126924639746,Long-Distance Traveler,0.6265343118945121,19.14919319503228,84.87001080977282,0.505372176120833,30.02742255811971
85.33986897849638,72.4190119951639,51.87067063305462,Hyundai Kona,-0.2275496187781902,Long-Distance Traveler,3.860721725152656,28.74682186959425,13.4354854676825,-126.33210296702782,-12.920856983332484
42.86107519126045,96.5701974188098,64.30797977990255,Hyundai Kona,-7.676627701888041,Commuter,2.4726580495940502,33.308467799457084,26.007631661992384,-4.338945314654894,53.70912222754935
37.882243061092254,62.637588623060246,56.72762317734674,Tesla Model 3,10.570690120918144,Long-Distance Traveler,2.014009927511727,11.926340207761143,28.166506233379245,1.1282461288085939,24.755345561967992
32.675379156299975,97.14443980282022,44.90995546867643,Nissan Leaf,27.186087399037447,Casual Driver,0.8939407757793052,16.749235956917815,50.23817761252199,0.616095862235433,64.46906064652023
68.86492830529428,76.92841522505879,13.876557599494063,Chevy Bolt,37.25231990107531,Long-Distance Traveler,2.1645209340146323,46.7592714538903,6.410914018630719,1.2552042819899807,8.0634869197645
85.47480341845245,86.87267358090577,39.37124122897048,Nissan Leaf,27.347052433166567,Long-Distance Traveler,1.4113755476385768,26.037607462215725,27.89565207845915,0.9521175097699837,1.3978701624533159
14.287268227331143,70.94854751913894,11.75852247006084,Nissan Leaf,-5.123045320963795,Commuter,3.0422495619992893,34.72004456356924,3.865074915922886,-6.777227681647247,56.6612792918078
56.776136362878844,72.15227538457333,49.8977884122396,Hyundai Kona,18.00827452726469,Casual Driver,2.4015061649972056,44.04748117928701,20.77770573297598,2.4459578907795265,15.376139021694485
21.98287036518241,72.93984362354989,64.60983161155823,Hyundai Kona,17.109240531180074,Long-Distance Traveler,1.2268943338915914,3.991359551432321,52.66128453509279,0.23328677530474962,50.95697325836748
70.24667677385645,87.17180458888146,12.594888574055725,Hyundai Kona,34.24765263754184,Long-Distance Traveler,3.4204799604552063,13.286811651784502,3.682199200015066,0.3879626960832833,16.925127815025007
17.66957397665747,86.32257217342182,65.5974266945568,Chevy Bolt,-9.26753257022055,Commuter,1.0268928464258762,5.587311138334597,63.87952445366635,-0.6028909093115417,68.65299819676434
68.68646311087505,85.61471937832445,48.9611152601949,Tesla Model 3,6.6590121495565455,Casual Driver,2.967570122040841,28.59951519129401,16.498722269963967,4.294858538919859,16.9282562674494
51.16789790994329,88.32990473257357,34.38288065090023,BMW i3,-9.825102181584937,Long-Distance Traveler,2.52093306902836,6.558201297307768,13.63895022574018,-0.6674944622560487,37.162006822630275
71.54644710597078,74.06468014896535,52.55689588098792,Tesla Model 3,31.52877610316707,Commuter,1.0389579659710988,37.50238773927163,50.58616190681378,1.1894653828793726,2.5182330429945665
66.89443080638873,90.57226050462458,37.23027566973339,Tesla Model 3,9.714810900062302,Commuter,1.3158292480171974,4.302635825621664,28.294154219352635,0.44289444950432033,23.677829698235854
94.43594757344395,90.53708519645944,37.42669941100735,BMW i3,15.356177546750448,Casual Driver,2.3535244577998764,16.98014038038876,15.902405129876835,1.1057530644390057,-3.8988623769845105
25.388197818588495,91.34610764842,28.079314202327826,BMW i3,27.956887340129533,Long-Distance Traveler,0.851949340305673,25.576110372241647,32.958901279568074,0.9148411288094115,65.95790982983151
72.63725302405064,68.33086515542429,75.62248861139022,Chevy Bolt,38.10561785008211,Commuter,1.7472795766236338,16.791473726872688,43.28013079482094,0.4406561203897788,-4.306387868626345
71.58529275501547,56.16768065895357,60.63745352964948,BMW i3,12.168906712780108,Long-Distance Traveler,1.7538457751294445,7.703067645420777,34.57399412737649,0.6330123015349285,-15.417612096061902
24.351228207169505,61.21435182464796,66.85109294209524,Chevy Bolt,35.225496991923336,Long-Distance Traveler,2.5875618711459563,20.271139390382576,25.835553417120348,0.5754678037624404,36.86312361747846
71.05173681313087,83.00801293723802,32.34799932603372,Nissan Leaf,11.657679772471806,Casual Driver,3.9146817966881247,15.17023591981323,8.263251269464757,1.3013083405872838,11.956276124107148
79.21151851502425,57.56582309080228,67.70594563751288,Chevy Bolt,-2.733592900512196,Commuter,3.9208613012288422,13.86051817161326,17.26813075899754,-5.070439775072653,-21.64569542422197
75.61769581932225,76.10522265059508,8.383690895109462,Chevy Bolt,18.406878991218072,Casual Driver,2.0002674427255034,40.17788477379544,4.191284983215095,2.1827646497249384,0.4875268312728309
81.441194681009,66.37170348590195,60.939817877399975,Hyundai Kona,1.8954900233499377,Casual Driver,1.812472507313064,18.879370175817385,33.62247848257926,9.960152753772608,-15.069491195107048
87.14823173121326,66.96786044167332,70.536636587169,Nissan Leaf,30.27475489833003,Long-Distance Traveler,2.4841473226113617,42.09577517242755,28.394707489819947,1.3904580008589789,-20.180371289539934
18.39015106792008,80.42568669204886,73.31591786048328,BMW i3,17.738683088849037,Casual Driver,2.896990677126205,23.97348713940437,25.30761263381495,1.351480660617624,62.03553562412878
33.809680164077925,61.33586728999249,62.86785794966232,BMW i3,1.901738829206813,Casual Driver,2.923176577184032,15.490027606541537,21.506691877719025,8.145191846875314,27.526187125914568
13.134702560900068,53.73066045094701,14.355208491625932,Hyundai Kona,21.976294160897577,Long-Distance Traveler,1.7662988795206973,47.80486645935545,8.127281661142966,2.1752924359929007,40.59595789004695
16.30623976881609,69.88709284489468,74.7896950755514,Tesla Model 3,32.745897574028064,Long-Distance Traveler,1.8798623119420803,21.10837172285618,39.7846664622402,0.6446111814506493,53.58085307607859
14.258182790042476,60.36416529245368,41.98075323406805,Tesla Model 3,15.617520571994522,Casual Driver,1.7321354425638893,14.090858743837904,24.23641489139473,0.9022468501886118,46.1059825024112
76.65817666174327,84.90230211496663,66.82312116249,Chevy Bolt,36.04195930468979,Commuter,2.985954969992374,11.89627327539795,22.37914564487242,0.33006732999251803,8.244125453223361
17.56487802139744,54.49094700636411,47.18840893514874,Hyundai Kona,5.107230642442021,Long-Distance Traveler,3.3301281116830976,5.340049724227951,14.170148220303453,1.0455861695086102,36.92606898496667
72.22602916274909,84.03560603066902,46.29599734888577,BMW i3,9.89320650990976,Casual Driver,2.153857223588153,10.600401685765078,21.494459726425305,1.07148290851373,11.80957686791993
33.299940358533576,58.815738709345766,37.10851773104313,Tesla Model 3,15.648673640514597,Long-Distance Traveler,2.9383941173028547,20.080307716207404,12.628842915430607,1.2831955076511568,25.51579835081219
63.10375471060478,63.99918589403212,71.97510217973728,BMW i3,21.52620216393159,Commuter,1.057536323648838,23.65002521190977,68.05922460554375,1.0986622271687465,0.8954311834273341
86.84411862438084,89.24746094399288,23.92092196826273,Tesla Model 3,22.17022646695312,Commuter,2.1458063544955026,25.79660289623908,11.147754278081976,1.1635696610808837,2.4033423196120367
31.278431311471454,70.89589429940227,40.63092350376829,Hyundai Kona,17.414579084848018,Long-Distance Traveler,2.7497394121507943,25.767194138166374,14.776281462972356,1.4796334733456609,39.61746298793082
32.02965792973367,101.60527923430952,75.40700953728192,Nissan Leaf,12.45705780248593,Commuter,3.1544865399763964,17.72970871647675,23.90468578060446,1.4232661514132663,69.57562130457585
64.22809474454678,76.17290419324496,36.490277883670345,Hyundai Kona,36.04862346055762,Long-Distance Traveler,0.7047543150612254,5.949301763553466,51.77730324432318,0.16503547687647097,11.94480944869818
69.3146975661584,96.93664540216876,67.56014288077881,Hyundai Kona,35.8188602256871,Commuter,2.8112366498993966,8.97054959336193,24.032179177514823,0.25044207260757007,27.621947836010364
89.10032843307252,82.21819366749506,52.57470179430345,Hyundai Kona,16.54458122590386,Commuter,3.265989573804946,4.71158320497076,16.0976330775768,0.2847810494951563,-6.882134765577462
62.57412042187828,88.35855052582593,28.279857147188363,Hyundai Kona,12.38716532742395,Commuter,2.6937194091618064,13.226974760476542,10.4984420615613,1.0677967404853586,25.784430103947656
81.27280773777099,95.97179380144212,28.86912479595657,Hyundai Kona,30.89722993782202,Casual Driver,1.1539207497704678,32.83003788863654,25.0182907289769,1.0625560270193841,14.698986063671128
86.49476539812044,52.98111185901106,21.4227595329351,BMW i3,12.043850042390211,Commuter,0.7348796153422308,9.18907742881566,29.151386275639986,0.7629684358799941,-33.51365353910938
40.476013818815545,69.66797732415742,26.29222408241131,BMW i3,32.06059184530071,Commuter,1.778820810872269,3.593327631512293,14.780704116857368,0.1120792669346491,29.191963505341874
32.40961572811105,78.63615922559178,51.63684234428119,Chevy Bolt,31.302787524423408,Long-Distance Traveler,0.7835521249094246,14.606984402944972,65.90096651227918,0.46663526024792995,46.22654349748073
66.40059792966022,88.70306595249613,44.81719081526413,Chevy Bolt,-6.159650195104213,Long-Distance Traveler,1.0358587667958,12.546861495301147,43.26573491663945,-2.036943835751191,22.30246802283591
47.22523795880807,83.91200043508005,19.362005744810176,BMW i3,0.3746593402422871,Casual Driver,2.536249341680839,29.626242800392035,7.6341097172955665,79.07514805645349,36.68676247627197
12.98057685502397,61.21899271402144,55.39579143864877,Tesla Model 3,29.71628091352946,Commuter,2.253027295813109,31.554096556735363,24.587270443457562,1.0618454122355927,48.23841585899747
23.665610919342743,74.89872941823225,22.016443610220865,Nissan Leaf,11.544380927607264,Casual Driver,1.2691575992195072,41.19625063945213,17.34728896061474,3.5685110269477773,51.23311849888951
12.054790024376816,86.4902469957745,67.38186056016852,Tesla Model 3,5.890056032833771,Commuter,0.7992102307305,2.63696678953564,84.3105580600234,0.4476980821296137,74.43545697139768
30.228181598609112,80.04374460476306,68.23834404896303,Tesla Model 3,11.712169604952358,Long-Distance Traveler,2.710437199046852,8.991499198950546,25.176139138349935,0.7677056858149145,49.81556300615395
23.50594715611516,76.14600844871192,67.13334039157891,Tesla Model 3,8.087592836673355,Casual Driver,1.2341548025396727,27.95671520137067,54.39620722897188,3.4567411794768366,52.64006129259677
34.83463935826441,97.25178675418088,42.91893733882982,Hyundai Kona,6.362088419350972,Casual Driver,3.1653954182663813,13.104480594253658,13.558791767739272,2.059776559281223,62.41714739591647
51.41733330420172,73.33529424607988,35.327332248586075,Tesla Model 3,29.212784494288904,Long-Distance Traveler,1.4716437603646677,44.67299945575187,24.005355915640955,1.5292277072897804,21.917960941878164
70.43050310785254,95.65922813290568,74.51050318325304,Chevy Bolt,36.383385462428805,Casual Driver,1.589218757649078,7.994911673203704,46.884988504336555,0.21974072977512293,25.228725025053137
85.7276473198578,52.82854414772641,49.73870005239731,Nissan Leaf,7.812917020555137,Commuter,2.0155172553936804,32.868369584228795,24.677883515654703,4.206926746790582,-32.89910317213138
74.93082559717652,96.89694699240272,23.52224181213657,BMW i3,13.67513571087282,Long-Distance Traveler,1.8443738513652728,42.38027139821144,12.753510788891607,3.099075014262254,21.966121395226196
66.85003619045646,61.31395762559154,44.95337165292389,BMW i3,22.59449152426216,Casual Driver,1.5923756223747267,34.04003943718871,28.230381714764288,1.506563641878651,-5.536078564864923
56.71797218306136,83.6461815329856,66.70523645325736,Hyundai Kona,32.84721980697499,Commuter,1.8952201719593704,6.513656892904606,35.19656314352873,0.19830161977731384,26.92820934992423
74.68318533575786,73.06427881282285,44.06215479055562,Nissan Leaf,3.802174549018837,Casual Driver,2.714331888364399,12.637728429568222,16.233149298889376,3.3238159549590978,-1.6189065229350064
87.71511040292735,85.38816818984216,14.0255330182289,BMW i3,9.344345738493068,Commuter,2.276768301061686,30.77497307475196,6.1602812247906895,3.2934326207534927,-2.3269422130851893
64.87936303535116,59.01954509147424,21.76458667261335,BMW i3,20.678423517606525,Long-Distance Traveler,2.0100101346312087,20.317417967928414,10.828097977031673,0.9825419210816175,-5.859817943876919
46.07069571420915,58.59052044642799,15.474096088332848,Nissan Leaf,12.602687128795887,Commuter,0.7877986428506285,8.613364508124336,19.64219693542533,0.683454601395575,12.519824732218837
17.369808651685883,95.17216451077678,43.51234710063929,BMW i3,21.078461325587387,Commuter,1.1812191146524962,26.13523981227178,36.83681254467358,1.2399026384599483,77.8023558590909
37.92749853459692,75.10094365242409,38.5981394103895,Nissan Leaf,6.161191380180163,Long-Distance Traveler,1.369419618363992,26.562952201212457,28.185764898345504,4.311333727866722,37.17344511782717
70.8802102208019,72.25262595365619,58.77314551651613,BMW i3,4.700463191367502,Long-Distance Traveler,2.746555880784028,12.802289341306434,21.398852988106267,2.7236229324842074,1.372415732854293
45.97265795541939,51.33001152315027,65.539397780162,Hyundai Kona,8.90452585554962,Long-Distance Traveler,1.9651245325256728,5.210684627425631,33.35126944648521,0.5851726090702679,5.3573535677308755
37.49932663104295,96.679708595604,79.21399696256503,Tesla Model 3,-1.2045317001237752,Commuter,2.604326202856168,20.613804158936112,30.416311472691458,-17.113542264448398,59.18038196456105
39.36013937047071,50.60418727572144,62.91943734898983,BMW i3,21.519498317087468,Casual Driver,1.110562981668299,37.24345801158542,56.65544267869583,1.7306843060561687,11.244047905250731
36.50968370288002,85.7697373307883,18.39971040043272,Chevy Bolt,15.833470808710103,Commuter,2.065520389554198,5.904189492591163,8.908026516457644,0.37289294077854535,49.260053627908285
62.16113017351604,63.07947980040336,47.49230024226053,Tesla Model 3,-5.253638201447788,Long-Distance Traveler,3.410300606205229,44.87220045649857,13.926133126166556,-8.541166851598721,0.9183496268873199
53.35164134135862,86.03135032630132,21.47142841095029,Tesla Model 3,16.60261301916026,Casual Driver,3.1162253455849,47.18975870041258,6.890204022430929,2.842309138082855,32.6797089849427
43.8356488045344,61.372029465728886,21.86794779138668,Tesla Model 3,35.01191454749671,Commuter,3.3833368265812283,29.88406599854634,6.46342617134093,0.8535398987680609,17.536380661194485
76.09869924748591,59.3125092229608,78.23764802345093,Hyundai Kona,30.186703772074477,Commuter,2.7832118665409835,10.32712933232258,28.110561385571348,0.34210854587827305,-16.786190024525112
22.593136047374216,75.40468288713939,66.89909636313753,Hyundai Kona,-4.073387952520587,Commuter,2.7694854642977385,39.324141107074205,24.155785334696173,-9.65391501262252,52.81154683976517
62.06441940214671,82.6938659048567,68.06928828300951,BMW i3,-4.9925236650444536,Commuter,1.3211779345219874,34.39817877514721,51.52166601059495,-6.889938051969339,20.629446502709982
21.78035695349116,92.3319815886202,40.05179662487088,Hyundai Kona,30.28535775941765,Casual Driver,1.0397449093656566,26.32801687036438,38.52079126726025,0.8693315456105952,70.55162463512903
18.74774586385513,92.78183120974892,77.6778219726915,Hyundai Kona,16.71941917567966,Commuter,2.875962347601015,36.88376940480415,27.009332037148013,2.2060437038659737,74.03408534589379
72.50501027428835,86.30071771574521,38.36041212940863,Chevy Bolt,5.501271668564232,Long-Distance Traveler,1.2969834264391895,38.34376389041496,29.576640184775098,6.969981887919059,13.795707441456855
44.29225742818147,55.5236463027372,6.337534264521747,Hyundai Kona,26.70894079525074,Long-Distance Traveler,0.9414062476062164,4.315961671253241,6.731986621755131,0.16159239351119029,11.231388874555726
23.831531591573373,78.77996734336779,6.978771350415376,Nissan Leaf,27.35537042917752,Casual Driver,2.891860216001961,35.788923541786666,2.413246432797374,1.3082960669256312,54.94843575179441
59.65792096193613,75.65430435209912,30.549130796547445,Chevy Bolt,29.50261342460304,Long-Distance Traveler,3.7469924581485192,31.23151272273644,8.152973654940986,1.0586015643174045,15.99638339016299
119.0511074773042,50.38374047794385,62.42036136933443,Hyundai Kona,23.667158357363988,Casual Driver,2.500035280187061,29.90830340221348,24.96779220038204,1.2637048753640325,-68.66736699936035
12.13162329310939,76.19400124506882,34.79315986001264,Tesla Model 3,33.37442726826608,Long-Distance Traveler,3.4129161973536832,11.915550358678772,10.194554406870777,0.357026362217416,64.06237795195943
54.06032117164506,50.36291188518033,50.16265770416625,Nissan Leaf,6.783882177943273,Commuter,3.627355006363455,41.56617601285262,13.828990439636067,6.12719603945931,-3.697409286464726
15.221759885479162,83.98306136985278,76.06503880500838,Nissan Leaf,10.675410149056148,Long-Distance Traveler,3.7243685191469313,5.490322577166959,20.423606958860002,0.5142961722789057,68.76130148437362
89.52818265685809,56.59526966277224,51.21630472206044,Chevy Bolt,14.461325524500763,Long-Distance Traveler,1.84505065646182,18.27526175148793,27.75875260805896,1.263733516026971,-32.932912994085854
89.27457303572433,83.81584017151073,39.67713381108,Hyundai Kona,-1.3562252342415224,Casual Driver,3.94461419790277,5.847147396013394,10.058558789393171,-4.31133947989358,-5.4587328642136015
72.327300301089,63.80347684060182,68.2690209195155,Hyundai Kona,11.872445971241746,Casual Driver,1.5334868966903243,15.060556534510896,44.518815952622965,1.268530222920501,-8.52382346048718
44.70101950340489,95.1456417676959,30.550011561630846,Tesla Model 3,29.81421521116753,Casual Driver,2.8343933534187222,8.831573588393466,10.778324583912374,0.29622022668855685,50.44462226429101
28.44310337367307,98.27285715890731,44.75866737764865,Tesla Model 3,3.858658638525674,Long-Distance Traveler,3.489771200380064,19.40437242911404,12.825673893111983,5.028787007841697,69.82975378523425
14.433598941002616,54.77336503970236,59.15730847009105,Nissan Leaf,34.32752406146333,Casual Driver,2.866837148550388,19.101417092688408,20.635043221762306,0.5564461060019178,40.33976609869975
82.43318506688816,93.33593640782244,57.14555997083127,Tesla Model 3,38.02009094304093,Commuter,2.569753498142236,5.962444720986591,22.237759385148724,0.15682352601205277,10.902751340934287
63.198836279094415,73.81270846074626,23.83688010187143,Hyundai Kona,29.028763662192333,Commuter,2.85364923342141,12.329512359502848,8.353121968424961,0.42473432568404773,10.61387218165185
72.6049992234139,22.27521584720757,29.349595038889557,Nissan Leaf,36.69341868132973,Commuter,2.5597015729885912,30.323895719219998,11.466022191259704,0.8264123869888782,-50.32978337620633
63.14412802079429,92.6389090142761,47.060925633313786,Tesla Model 3,-7.163620818557389,Casual Driver,2.4455488373877685,10.41398710364594,19.243502691028763,-1.4537323188112448,29.494780993481804
46.8217530357587,79.21389611788328,27.1701708128166,Chevy Bolt,4.162485470728397,Commuter,3.3209390614009493,23.824644086480745,8.181472261449679,5.7236581974931555,32.39214308212458
75.81068442529316,89.15464228804454,48.94232025145676,Chevy Bolt,31.508322982992222,Commuter,3.791622315899987,31.171170500929243,12.908015665542289,0.9892995738857644,13.343957862751381
56.81778300064369,55.05492161735283,19.146538928197334,Tesla Model 3,24.147802798156853,Commuter,2.8041515802310166,35.45357670634186,6.827925802292032,1.468190584571444,-1.7628613832908613
25.84005873762033,83.11743200557254,58.19728526882489,Hyundai Kona,19.90110938909792,Casual Driver,1.7620474180588634,6.50874515305308,33.02821744317027,0.3270543880643485,57.277373267952214
13.909596696565243,77.57887511792278,65.20093720294392,Tesla Model 3,15.032552008091375,Casual Driver,2.952728388415329,22.57264064944385,22.081589847123045,1.5015840715065527,63.66927842135753
58.189363147862366,69.1577279417634,51.14211521001526,Nissan Leaf,18.38760345641107,Commuter,1.7809541535098248,21.118030649132415,28.716132366027878,1.1484928255709879,10.968364793901031
20.432310798427924,79.51998829798639,69.71594630744188,Tesla Model 3,-4.47805197297919,Long-Distance Traveler,3.783098445775636,10.063093768622078,18.42826648756381,-2.24720343339991,59.08767749955847
11.415452890941662,88.49863229758265,41.97718283907795,Chevy Bolt,8.216271168307653,Commuter,3.196445552138501,49.308369400939775,13.132456709920861,6.001307453329352,77.08317940664098
29.13398078893268,99.88715307218884,69.42235104080157,Tesla Model 3,37.268214954491775,Casual Driver,1.9373668689894512,9.88982074193077,35.83335306906168,0.26536878017922866,70.75317228325616
30.855323852249104,89.88889814024591,78.98357945200523,Hyundai Kona,9.568914679552112,Commuter,2.904071458775645,37.47917296186442,27.19753304049366,3.9167632084706487,59.033574287996814
40.40203633436858,66.02532263428573,8.527929006106092,BMW i3,39.93000319748301,Commuter,2.9292312619958487,9.812104577010492,2.911319811702248,0.24573262687915334,25.623286299917147
28.208935069265067,64.31222001060793,48.50288659256919,Hyundai Kona,23.88774269762121,Casual Driver,3.2569565894463173,43.60970746385774,14.892088752344925,1.8256102309826236,36.103284941342864
29.71940200562245,63.899161425123765,52.53257448488719,Hyundai Kona,36.52061298064519,Long-Distance Traveler,0.7500343405308991,40.99044595574586,70.04022568847034,1.1223920578077249,34.179759419501316
56.83137688293154,89.62384238551863,45.47118879513778,Chevy Bolt,26.50442557179917,Commuter,2.957746789429136,48.01145593400727,15.373590787977495,1.8114505369658598,32.792465502587085
79.03092865995887,53.99698887539003,34.6802647525039,Hyundai Kona,37.34587349327117,Commuter,1.4975626824084889,41.81029740859989,23.15780511886727,1.1195426294188324,-25.033939784568844
79.18647461637062,69.73910331351091,5.356309335174382,Hyundai Kona,27.775403826264785,Commuter,3.001369048238973,18.31744606413184,1.7846220338405732,0.6594844193340088,-9.447371302859707
54.573853324395245,74.28770014952136,27.28221643798108,Hyundai Kona,-3.339891179312307,Long-Distance Traveler,0.9998347402393436,24.478005326798822,27.286725835761796,-7.328982895735816,19.71384682512611
75.62404762261002,93.73758915768624,9.44816711008226,Nissan Leaf,-4.807451278393612,Commuter,1.465804515944262,40.51570933543204,6.445721108995089,-8.42769005637644,18.113541535076223
33.6601357810824,52.83378326682362,53.104493654248735,Nissan Leaf,14.121318217820637,Casual Driver,1.8580966641953,12.620547147036431,28.580048970297838,0.8937230187978993,19.17364748574122
40.83054026198938,61.64756308118157,28.788056755331933,Chevy Bolt,1.3097312422493097,Commuter,3.191827856187692,33.372714771158726,9.019301181773722,25.480582347447868,20.817022819192196
67.38758549248693,59.75759842874595,51.20692408624951,Tesla Model 3,12.322504555568166,Commuter,1.2881060252543053,9.977877021843266,39.753656207096725,0.8097280043069301,-7.629987063740984
12.88478096498137,72.4517483132095,7.275443511373867,Hyundai Kona,26.953658531337915,Commuter,2.6906032551566943,21.06032430839848,2.704019441524894,0.7813530873336733,59.56696734822813
78.78459856129506,61.99533259610632,74.34970162186968,Tesla Model 3,-8.059848673780747,Long-Distance Traveler,2.228619732721868,18.03449260881751,33.36132249491687,-2.2375721106880055,-16.789265965188733
20.760171808157708,98.43286888943882,79.96222628140413,Chevy Bolt,4.753258010825176,Long-Distance Traveler,2.967779748643271,9.807729926080174,26.94345034127249,2.06336998827832,77.67269708128111
22.44089942066365,63.15177111448933,57.23283445266599,Hyundai Kona,0.8305829090527883,Commuter,1.389640351950641,30.94275330829091,41.18535732812317,37.25426200206621,40.71087169382568
54.97882573715829,59.780788575001054,10.420110802780291,BMW i3,21.293106505425005,Commuter,1.229348211397581,18.89970325569965,8.476126378330365,0.8875972724263803,4.8019628378427655
74.87748787760317,94.07356949467206,47.19744469005413,Tesla Model 3,28.41994109024357,Casual Driver,1.551271282498898,23.43002274979381,30.425010262566797,0.8244219323113666,19.196081617068884
46.22043610199324,89.43899158085306,64.450811584597,Tesla Model 3,18.966955539787385,Commuter,3.998843750930618,21.47178993172093,16.117361817299788,1.1320630707800787,43.21855547885981
55.25180507003179,101.70196154582192,37.84729729719263,Nissan Leaf,24.38193039875923,Casual Driver,2.262536220950611,2.8261462517994547,16.727819403170034,0.11591150518349745,46.45015647579012
80.47359963678021,81.06159952378948,79.26318452230387,Nissan Leaf,17.199181245689548,Commuter,0.6201625989999864,27.64508954769722,127.81032692090098,1.6073491611483322,0.5879998870092749
70.98523133366572,55.495496987087286,38.61710108945668,Nissan Leaf,34.31814298391609,Commuter,2.5287380943690696,43.01294385875995,15.271293288715139,1.253358722787502,-15.489734346578437
65.98351536998533,51.25486777484991,24.401133035107133,Nissan Leaf,23.590289730681064,Long-Distance Traveler,1.478023096097471,31.115244479482783,16.5093042859311,1.3189852619323668,-14.728647595135413
66.53596712230103,81.32643859059355,26.179783257937025,Chevy Bolt,-5.31850140094415,Commuter,3.805961295935017,25.857794702299618,6.878625719578,-4.861857270115467,14.790471468292523
13.892462559930523,81.56870399845545,28.68467333811884,Nissan Leaf,2.875158735218239,Commuter,3.246572899301348,16.487468098425715,8.83537016658141,5.734454900339349,67.67624143852493
80.99232289671558,94.75959997585818,34.72671289756062,BMW i3,-5.82983325167146,Commuter,2.9597802593630083,24.021573950806896,11.732868609994162,-4.120456437398054,13.767277079142602
84.61526142274654,88.99562892720596,56.65756369693637,Tesla Model 3,17.367661723808453,Casual Driver,0.6132085077161415,21.069771396509864,92.39526683664923,1.2131610882094954,4.380367504459414
68.59711303472281,95.58825531366833,5.583797770172537,BMW i3,16.510934643362084,Casual Driver,2.8339269826645257,35.82084576495499,1.9703393221947156,2.169522594492014,26.991142278945517
48.38561451259521,71.20894956034991,9.669665590124442,Hyundai Kona,-1.9450676176789048,Commuter,1.6215747563116645,37.51415163304576,5.963132783417569,-19.28681105586051,22.823335047754696
19.56303215617694,67.79633548104113,42.74479256756108,Chevy Bolt,-4.172668306472096,Casual Driver,1.180162501458162,40.205987598054165,36.21941259339057,-9.635558027867182,48.23330332486418
34.459615544112054,84.48778807694728,58.281853729008496,Tesla Model 3,26.12620097339281,Commuter,2.280942968456774,32.976500057737226,25.551648829010603,1.2622003517205136,50.02817253283523
82.18039755013481,83.00880488864827,47.88862466678341,Tesla Model 3,36.40880980861047,Commuter,4.2283057378742,26.4252189690936,11.325724210960118,0.7257918923470053,0.8284073385134576
48.94788600827787,77.67619770811736,12.12848439962642,Hyundai Kona,23.61939627308142,Casual Driver,2.954305533429753,9.582158682023236,4.105358860952358,0.4056902458994619,28.728311699839487
40.71611726313112,97.28846478393484,45.9092521544369,Nissan Leaf,28.40385151251196,Commuter,0.7087385462007003,26.312150401609657,64.77600576480616,0.9263585394402972,56.572347520803724
68.59374207434695,61.57800907196332,9.623141257761764,Chevy Bolt,15.402427506836917,Commuter,3.944488764646076,34.938865911318366,2.4396422025618856,2.2683999581111163,-7.015733002383627
12.17065798944529,98.07896305795944,27.8542104539734,BMW i3,-1.6555380510473867,Commuter,1.8664816416786207,37.68861950326764,14.923377670579557,-22.76517865561815,85.90830506851415
17.513436634097637,97.23831329500736,23.2226343840928,Nissan Leaf,22.91019950470565,Long-Distance Traveler,0.6564859609421378,5.406718024307384,35.37415232881062,0.23599611270067158,79.72487666090973
78.29829103715065,91.71603560211943,21.308572550577523,Nissan Leaf,-5.46532879033326,Casual Driver,3.735302162259872,28.04359239194004,5.704644932308704,-5.1311812093614275,13.417744564968785
63.57208978428879,68.75240394776228,77.45749045486116,Nissan Leaf,-3.042041816395144,Long-Distance Traveler,3.010517385146997,47.33304581130439,25.728963013804048,-15.559630231314378,5.180314163473483
45.41422996353133,78.6383229213933,32.25299063735733,Nissan Leaf,-1.9255447355113608,Commuter,3.6496256877146847,71.6210409570786,8.837342072072449,-37.1952100806728,33.22409295786197
87.36946835959859,77.08652146669706,17.929285125178676,Chevy Bolt,-7.5684818042716175,Casual Driver,2.9645416277610583,35.13960562879264,6.047911406364564,-4.642886980181415,-10.28294689290152
52.89673368546667,74.0491279791676,77.29578007017075,Chevy Bolt,-8.892368362555017,Long-Distance Traveler,0.6842951580787797,5.971664972824204,112.9567835715594,-0.6715494376020635,21.152394293700922
55.39403574401752,56.75239993639017,26.493008140946493,Nissan Leaf,19.67904953364568,Long-Distance Traveler,2.11720414560859,7.148790446098545,12.513204357688936,0.36326909152172765,1.3583641923726475
71.91664638264722,88.37524193738372,55.30273056094204,BMW i3,30.18843916487025,Commuter,2.544566059466172,37.34746081473556,21.73365881196422,1.2371444780820646,16.458595554736505
14.184548280774854,71.74589400625973,10.192259430922377,Tesla Model 3,-5.392329139958187,Long-Distance Traveler,2.1936622255764453,14.435352434618428,4.646230085966895,-2.677016194662472,57.56134572548488
69.88302901476676,89.70899824393155,62.63400990213397,Tesla Model 3,1.1954220594389255,Commuter,1.3061013638644594,37.57454771494434,47.95493798185315,31.43203475145845,19.825969229164784
43.356673917181936,91.9403167511568,36.22941276064402,BMW i3,17.39682580808664,Casual Driver,1.8856890276693925,11.093063212886497,19.212824717669154,0.6376486915061288,48.583642833974864
47.07173172848,68.83315695012828,12.350406115320627,Nissan Leaf,15.009867293225184,Long-Distance Traveler,1.4995568792791971,44.0476453908667,8.236037116016023,2.9345792691150527,21.76142522164828
53.82003673204953,67.23316373441783,28.248510232660248,Chevy Bolt,16.694086243987016,Casual Driver,2.573551148931767,26.640176850452665,10.976471263990877,1.5957852655785876,13.413127002368299
59.10391672336647,95.23017417720116,53.18988765045248,Tesla Model 3,37.39510914830552,Casual Driver,1.901457614097896,4.875602271353545,27.973217628459853,0.1303807471725075,36.1262574538347
54.84308704413998,99.1304953506278,63.97196694472084,Hyundai Kona,9.192514759905432,Commuter,1.9815097094694272,41.34889744678012,32.284457976161065,4.4981050916697685,44.28740830648782
49.28268958934412,91.7460321625635,48.66355521084799,Hyundai Kona,21.01240559446453,Long-Distance Traveler,1.756271660885669,36.32372774760015,27.708444140303147,1.7286801163389502,42.46334257321937
40.35911245487125,79.59600701886347,51.16176878981536,BMW i3,31.563179987120684,Casual Driver,1.924572535667712,14.898359207134598,26.58344533222037,0.47201705319976806,39.23689456399222
57.90799490448934,88.30938417267018,68.24465321163233,Nissan Leaf,14.826203728258427,Long-Distance Traveler,3.375570509411532,49.36125110170392,20.2172204732081,3.3293250252336968,30.401389268180836
32.45935623541265,75.45762691513535,70.3848328268497,Tesla Model 3,-6.497175362510335,Long-Distance Traveler,1.0466206565434557,20.619603394084866,67.24961177366876,-3.173625805617474,42.9982706797227
29.26035318542457,88.25311988557496,56.55292752021,Nissan Leaf,10.511561681861266,Long-Distance Traveler,2.6210352581150014,4.340098531957683,21.57656114892624,0.4128880810780904,58.99276670015039
30.615241986716526,82.46098167708193,16.827771594461893,Tesla Model 3,25.964996849071653,Long-Distance Traveler,2.7388169441628936,14.511282307810957,6.14417536386508,0.5588786469785298,51.845739690365406
19.6468972894588,71.19100274361134,6.0651617128073525,BMW i3,27.292127036877663,Long-Distance Traveler,3.597765518900319,46.62351208569203,1.6858135086750206,1.7083136108333885,51.544105454152536
34.89212626163041,99.87119867405448,10.137709442892056,Hyundai Kona,40.81674037559839,Commuter,1.582369811687995,36.077844709089504,6.406662569022119,0.8838982333498155,64.97907241242407
14.823808108603975,69.84305861012679,62.5376105258264,Nissan Leaf,19.14983807143265,Commuter,3.111666691610565,24.187852316655015,20.097785760420766,1.2630839084084984,55.01925050152281
50.5319393342964,93.95394941310784,16.497212038654055,Nissan Leaf,31.79654964103584,Long-Distance Traveler,1.8113551144469375,9.554956967284827,9.107663045791638,0.3005029500104451,43.42201007881143
89.62738532870584,67.70900333990473,43.99985930276914,Chevy Bolt,-6.944281882176863,Long-Distance Traveler,3.5579821138737,30.244722804448894,12.366520655401764,-4.35534203789664,-21.918381988801116
42.35837562463637,51.49172570737395,41.76664809903056,Chevy Bolt,38.812689198806495,Casual Driver,4.592690577362033,21.83372402809416,9.094156768344853,0.5625408720394863,9.133350082737579
22.712598558458748,50.79879144216912,69.4391779041177,Chevy Bolt,9.994231760286434,Long-Distance Traveler,3.659591613822005,16.613387659947108,18.97457017932031,1.6622976191089418,28.08619288371037
28.63084090639802,61.65789992683023,38.711207157580986,Tesla Model 3,-6.359400393756955,Casual Driver,2.9675602434122106,14.53360130974745,13.044792348703732,-2.2853728983655652,33.02705902043221
58.30868499503002,63.86610505130568,57.97765788877307,Chevy Bolt,7.636850332176735,Long-Distance Traveler,2.8590803131057148,6.499187934882619,20.2784292637775,0.85102989481138,5.55742005627566
72.90390528618417,51.69102215864916,74.107522176834,BMW i3,3.262503247831619,Casual Driver,2.2246614839968157,45.69740274799046,33.31181966781426,14.006852798801857,-21.212883127535008
31.093089045581024,86.58495949773607,40.319061981322655,BMW i3,0.534567342304225,Casual Driver,1.7436069251387414,11.767850572118778,23.123940034887397,22.01378505726531,55.49187045215504
65.47847010859027,84.22698702525429,47.19807479360746,Tesla Model 3,4.251871253120745,Commuter,2.861382945524818,44.336610351548224,16.494847314102053,10.427552414482562,18.748516916664016
40.13578074348084,59.0683880135405,22.515635144477624,Chevy Bolt,16.336447222789015,Commuter,3.5555598847937864,35.152484717746816,6.332514673925531,2.1517827125049447,18.932607270059663
46.37700488664862,88.38593824106768,68.26093768441355,Chevy Bolt,-9.542573213698136,Long-Distance Traveler,2.4135793179435385,33.64483513585735,28.282036217717703,-3.5257612786833,42.00893335441906
60.77484914937618,63.56658132543215,73.5059703623024,Chevy Bolt,2.3152612211978045,Commuter,1.8359090701214855,30.9314277897324,40.03791449074239,13.35980040028916,2.791732176055973
80.69801215627292,88.20526202858028,73.86936259559798,Hyundai Kona,21.29459053287136,Long-Distance Traveler,1.1968001428584762,26.086973082683723,61.722387849291195,1.225051641280193,7.507249872307355
15.586956248765569,98.80776450626408,64.37713244013099,Nissan Leaf,25.40739975553059,Long-Distance Traveler,2.3148600166084794,15.256569201592624,27.810378156019326,0.6004773943178356,83.2208082574985
41.65702959664234,83.15672197368188,12.010095267833266,Hyundai Kona,23.94913864573946,Commuter,0.7529595951441994,47.90206130269109,15.950517591230392,2.0001580019752754,41.499692377039544
80.58328311610703,91.07842504868992,36.226212409732376,Nissan Leaf,23.33398201168771,Commuter,3.992427387020465,27.19648783034448,9.073731065843598,1.1655313618019456,10.495141932582897
41.58622013245012,89.99519636379434,28.84698737447133,Chevy Bolt,-0.4641229060086598,Long-Distance Traveler,3.2937133901037967,11.027648410925542,8.758195980604814,-23.760189958648116,48.40897623134421
31.36258701771961,93.5634261410211,76.58011323732995,Chevy Bolt,14.086676394609956,Long-Distance Traveler,2.678096541095572,41.12251368485552,28.594978583558493,2.9192488371913194,62.20083912330149
71.90426649979851,99.36473574981306,74.13419248313946,Hyundai Kona,18.23757818141412,Long-Distance Traveler,2.1863746739496914,47.81692135737631,33.90735968836295,2.6218898628824765,27.460469250014555
53.17181764242919,92.16041891997818,73.80921664182601,Hyundai Kona,25.044906155295536,Casual Driver,2.3698694802298887,10.575938299260526,31.14484458218609,0.42227901488959396,38.988601277548995
26.276244042338213,59.19858803719168,35.02666957024688,Nissan Leaf,-8.712180412971101,Long-Distance Traveler,1.7395210907802483,22.02798564744779,20.135811951860813,-2.528412475785223,32.92234399485347
16.492752871489138,53.08457255348556,35.89954921191294,Nissan Leaf,15.055827451562273,Long-Distance Traveler,1.772447028536855,12.511897274758086,20.254229680165853,0.8310335194137592,36.59181968199642
56.27459504161595,65.98703032632432,48.330182762063146,Hyundai Kona,18.03247339232625,Commuter,2.1541462302194883,14.812569888092858,22.435887631054058,0.8214386105455934,9.712435284708363
15.899923907667324,58.16877869760515,53.71493232990424,Hyundai Kona,-6.369328431579798,Commuter,1.692367291395563,23.72699960944185,31.739524040085726,-3.725196441716037,42.268854789937826
83.20214244739164,61.22134406044192,15.5583755009174,Tesla Model 3,25.900154834299123,Casual Driver,0.7554430886481931,44.4507308475323,20.595033212571852,1.7162341743481384,-21.980798386949715
33.926486820365405,67.69533120051153,40.736704801536966,Hyundai Kona,13.546928925511413,Long-Distance Traveler,2.534525414269769,9.86675920918086,16.072715062229417,0.7283391876811207,33.76884438014613
26.10515607453083,71.39910279009044,11.579770802296697,Tesla Model 3,36.03822598164686,Long-Distance Traveler,3.616099729122279,9.634031616098616,3.2022819252021586,0.2673281315513401,45.29394671555961
65.91461014762105,52.23791778918249,5.755335112421237,Nissan Leaf,11.11428022329816,Long-Distance Traveler,1.5886586191295695,10.879676124662645,3.622763911087834,0.9788916516479647,-13.676692358438558
67.80447254927141,58.52581792723408,13.587964735173609,Nissan Leaf,4.53362309385305,Commuter,3.517065236537333,40.8117293500724,3.8634383559377503,9.002011968177793,-9.27865462203733
73.2949349787491,58.58041748737381,19.97640696261344,Hyundai Kona,14.434227239434549,Casual Driver,2.287342908527985,35.90037572075738,8.73345526293179,2.4871699139304777,-14.71451749137529
62.52618043388769,62.34091279224722,73.37136541275711,Chevy Bolt,7.7234244347131025,Commuter,3.0226327639717203,45.50795122340724,24.27399262236131,5.892198675353221,-0.18526764164047194
87.24599837813908,76.17440540215456,75.62261390550266,Tesla Model 3,6.211204218618967,Commuter,3.738853500138698,37.175570755361626,20.226150584048646,5.9852436736700065,-11.071592975984515
54.12444090003636,58.52857766030961,15.567795776598764,Nissan Leaf,35.69778871943199,Commuter,1.2220213527532722,49.63914436226428,12.73938114217381,1.3905383538572895,4.404136760273246
35.9754285280013,56.839656732416486,36.63162352131471,Tesla Model 3,-1.759567562648181,Casual Driver,0.9743935458179288,17.498632754951903,37.59427972253784,-9.944848453909973,20.864228204415184
89.78556217293968,83.8482742312676,6.307290912653444,Tesla Model 3,10.35659124312551,Long-Distance Traveler,2.7988263253336125,21.851929962768004,2.2535485162344373,2.1099538882808435,-5.937287941672082
12.05856983860598,75.35885803842882,52.183521493408925,Chevy Bolt,-2.6640002929463718,Casual Driver,2.8801990619921405,37.912464345424,18.118026001062326,-14.231403970114805,63.300288199822845
53.67177394795412,76.20126915952576,17.218744475121433,Tesla Model 3,20.018750076215888,Commuter,0.9575211163253374,47.74613739345097,17.9826263688069,2.3850708566554197,22.529495211571643
16.537180562904386,99.98486048295344,48.14596961410625,Nissan Leaf,32.227384127689525,Commuter,2.8673634929295204,15.521661798949124,16.791024135177434,0.48162958983732806,83.44767992004905
58.39027846003522,93.64930681962036,25.12116466546159,BMW i3,-6.052887853779801,Commuter,1.010506969032026,32.09365177234676,24.859961816518084,-5.302204922284407,35.259028359585145
45.58232565725287,87.80206968570528,67.90283934003946,Tesla Model 3,25.58518972726768,Long-Distance Traveler,0.835318745254099,41.06704109745447,81.28973487765299,1.60510989112138,42.2197440284524
16.42986703126396,85.24212847364188,43.254517140810776,Tesla Model 3,27.8175569749438,Commuter,3.210764372243644,19.278035722978235,13.47171954277823,0.6930168504855622,68.81226144237792
84.03426141510538,92.43627852480974,62.61550758556181,Chevy Bolt,21.45363164308853,Commuter,1.815045399718526,19.79464958944829,34.49803933018541,0.9226712716411025,8.40201710970436
37.69447403277616,77.12655441859508,43.825900117321794,Hyundai Kona,33.54685712930036,Long-Distance Traveler,3.1281282303575897,41.83746249782165,14.010263291640019,1.247135084415408,39.43208038581892
69.85875931465557,23.54849230392773,31.187028992431237,BMW i3,28.333515050512403,Commuter,1.860443342393109,11.581744386043408,16.763224271218608,0.40876482728654434,-46.31026701072784
23.72599550105088,53.81369932194329,74.82644569097782,Nissan Leaf,30.955968944199924,Long-Distance Traveler,1.398582211214841,43.13328345657307,53.50164265708902,1.3933753304354168,30.08770382089241
62.08764645327136,80.77137881661801,78.89524910756762,Nissan Leaf,16.52085958055578,Long-Distance Traveler,1.225895512401978,30.74927681610981,64.35723787990949,1.861239523656515,18.68373236334665
14.961669635907109,70.51180081437839,10.241885891596077,Hyundai Kona,18.15385475237356,Commuter,1.394747102580713,29.216213685823107,7.343184920510266,1.609366940759685,55.55013117847128
83.6689673557004,80.51886311775269,5.144893571862889,Nissan Leaf,8.64069859605198,Long-Distance Traveler,1.996622706047104,9.230954632347297,2.5767980882320547,1.0683111474996954,-3.1501042379477155
41.64275168503707,95.0069584304912,59.922814416459936,Chevy Bolt,7.177322498461926,Commuter,3.7532164796861327,30.429448129131227,15.965722931460393,4.239665715961927,53.364206745454126
13.142563107472808,97.25962097296544,8.353019856414647,Chevy Bolt,2.819187376633357,Commuter,3.4304844579467044,34.719681724361955,2.4349388428403773,12.315492759414887,84.11705786549263
57.81468020270049,87.2706866811988,40.76283311435537,Chevy Bolt,35.54952433115825,Casual Driver,0.938436579463628,41.33293546359443,43.436961011956434,1.162686034236671,29.45600647849831
54.31147107328103,57.65603262904937,18.89056337329201,Chevy Bolt,32.95043053419288,Commuter,1.4187837431940964,17.00535033559547,13.314617864709838,0.5160888662122003,3.344561555768344
67.94619206512169,57.870204114268205,42.79819075847415,BMW i3,12.918301551871778,Commuter,2.3427113663379946,33.78877718721532,18.268657152320934,2.6155742727897184,-10.075987950853488
66.46134154461114,68.41309481751257,12.814363147239058,Hyundai Kona,22.61418258510924,Commuter,2.588535180640522,27.381994351172008,4.950430360412641,1.2108328146780873,1.9517532729014277
16.990405001559274,55.82664102960632,8.918418777562092,Nissan Leaf,9.113968186390393,Long-Distance Traveler,1.556936695800068,16.241963359211958,5.728183298409031,1.7820956829173027,38.83623602804705
86.31048768785503,77.19881289799206,0.1211432950427712,Nissan Leaf,30.187852800687992,Commuter,1.4556359151018663,45.58156227106593,0.08322362328789717,1.5099305860543717,-9.111674789862974
85.04682076129231,65.3913894629667,10.9113557932088,Chevy Bolt,31.632811318986636,Commuter,1.9845446319165596,20.99245325759676,5.4981659861543335,0.6636290731768338,-19.65543129832561
81.86550346623888,96.13231206914588,7.8588683891368705,Chevy Bolt,23.69545557275726,Commuter,3.361128705788364,4.830371677364436,2.3381634793106043,0.20385223919973622,14.266808602907005
11.95265428740866,52.68266543699139,70.17135459506048,Tesla Model 3,1.496106620534535,Casual Driver,3.8279458316010713,12.962522175124477,18.331334267003122,8.664170051258228,40.73001114958274
63.10434295286288,66.61241345662742,77.8613161281733,BMW i3,0.7865344167262283,Long-Distance Traveler,0.7065366457805022,30.14418743877484,110.20138388173889,38.32532537386375,3.508070503764543
49.06955895638808,85.10116940945218,37.189293647002586,Nissan Leaf,19.856611575428744,Casual Driver,1.228841335073204,3.856692166975177,30.263706619851913,0.19422710427329812,36.031610453064104
37.0929556989178,84.74088765106924,25.71192392672169,Tesla Model 3,8.00517234052586,Casual Driver,2.3093277171746265,32.62090777265186,11.133943327099212,4.074978824317103,47.647931952151446
50.005700053904,64.8118366437775,9.086246707562893,Tesla Model 3,-8.983604992720508,Long-Distance Traveler,2.010057473078036,14.088726040982015,4.520391495895371,-1.5682708725949361,14.806136589873496
88.18011161914227,61.43525685750637,27.00471085893386,Nissan Leaf,8.774037214793669,Casual Driver,3.441490897751581,46.41136085382428,7.846805835394412,5.2896243448308295,-26.7448547616359
83.28204154815583,65.00624640464159,6.661747206218264,BMW i3,20.515455923408773,Commuter,4.110062624376016,10.890131082923729,1.620838370371459,0.5308256917896594,-18.275795143514245
21.455270566975216,98.16391585359358,53.648424429654725,Tesla Model 3,12.025622631533851,Commuter,3.4085422116998423,47.29035525269705,15.739404442610738,3.9324662598917115,76.70864528661836
73.70841814345455,55.68169448751146,40.65621778280107,Tesla Model 3,8.45374735934292,Commuter,3.3777839989387672,49.92072559945864,12.036358096188048,5.905159389970084,-18.026723655943094
48.963543957597054,92.57237250489908,71.16250433532748,Hyundai Kona,3.706865682142661,Casual Driver,1.2026073220933535,44.7448626480689,59.17351659846574,12.070807653922127,43.608828547302025
67.71925020552159,53.72387415945178,16.111111317085957,BMW i3,-7.663751387811887,Long-Distance Traveler,1.0610271583729003,22.456705662546888,15.184447626951007,-2.9302497597013786,-13.995376046069808
30.45137839196829,52.11796213219462,58.91061762118734,Tesla Model 3,-8.603112050828253,Casual Driver,2.2832964460179275,23.379598455661355,25.800687301873374,-2.717574561104376,21.66658374022633
53.35718299408809,91.29317175718576,8.75167001874184,BMW i3,4.854309132964509,Long-Distance Traveler,3.1355357024066897,11.595383272812684,2.7911243402600934,2.3886783793951385,37.93598876309767
23.174795172887475,56.489990040667,31.888072339650037,Nissan Leaf,15.848155124176898,Commuter,1.388571419069791,39.8371740806264,22.964661307095007,2.513678959379533,33.315194867779525
37.92406568833189,97.56418981426546,56.0452902589365,Tesla Model 3,12.43676471814378,Commuter,2.4921117691874235,19.01024307896112,22.48907571156433,1.528552120249361,59.64012412593357
86.60111714572933,83.44744377580392,10.317872226345198,Hyundai Kona,33.26552620867315,Casual Driver,2.3463206135297314,18.571639163452865,4.397469027399164,0.5582848456072453,-3.1536733699254142
85.32324000436734,90.16605635118688,72.79850067918807,Nissan Leaf,24.182121524307966,Casual Driver,3.6753647417642448,15.442091209962834,19.807149982138483,0.6385747087756706,4.842816346819546
32.61214548046976,58.444104327586665,67.88757428323595,BMW i3,16.005488635856537,Long-Distance Traveler,1.945335136351206,30.12670190711655,34.89762407241057,1.8822731746923835,25.8319588471169
18.35214738423309,50.601029508862496,41.24835865229704,Nissan Leaf,3.221734497771365,Casual Driver,2.82761116595746,32.95083718392784,14.587705392063658,10.227669973028995,32.248882124629404
15.989490353813975,91.81341991459188,35.024111186545994,Tesla Model 3,14.619838264589935,Long-Distance Traveler,0.9186724236081418,32.092788481760344,38.124700694711905,2.1951534552533913,75.8239295607779
40.234728507604245,86.30040219514237,54.91320565679101,BMW i3,2.765501689562982,Casual Driver,2.0404564639583023,7.600372847699663,26.9122162745214,2.7482799509338616,46.06567368753812
50.76235573046623,61.774039782538246,51.02335300165405,Chevy Bolt,11.007994868332403,Casual Driver,3.034842753846944,45.80149944059677,16.812519507634203,4.160748618475258,11.011684052072013
79.82181804427366,51.08444284381447,42.222770261485735,Hyundai Kona,18.580192528884,Long-Distance Traveler,2.3234458987794024,35.74897886600845,18.172478336451483,1.9240370523843906,-28.737375200459184
37.69074850745198,93.80110629341414,60.08034819074353,BMW i3,-10.724769747493202,Long-Distance Traveler,2.0783051276167948,46.15424524259217,28.908338526613765,-4.303518521074098,56.11035778596216
36.35120734538151,90.2573686552208,47.20021555132315,Nissan Leaf,37.584918673609,Casual Driver,4.146497950188242,43.11477983426108,11.383151786962866,1.147129789176183,53.90616130983929
52.127874413345054,62.52119439261202,58.55989952016146,Nissan Leaf,-2.2756894738646225,Commuter,2.339015100635245,18.57688687639485,25.036135724073514,-8.163190580148528,10.393319979266963
49.89280166549236,52.1070778523994,18.529060697578466,Chevy Bolt,38.79052519670133,Long-Distance Traveler,2.336419694967444,6.3463350749875405,7.930536083687932,0.16360528873497232,2.2142761869070426
20.45340920756221,35.9740790187295,20.026313858630445,Chevy Bolt,25.25712194742985,Commuter,1.826933687468276,41.61784215307051,10.961708132046361,1.6477666077589461,15.520669811167288
54.78679099648707,78.98374139159887,47.99575165649026,Hyundai Kona,17.588065382112188,Long-Distance Traveler,2.6912705186964616,39.154830349071936,17.833863717177486,2.22621587414009,24.1969503951118
51.67016366064856,69.68809606416363,60.70480470905676,Tesla Model 3,50.54394308994468,Commuter,3.0724875340310067,8.364823050543798,19.757543045069404,0.16549605232932277,18.01793240351507
22.809563778884243,94.52158774685414,35.84392988591518,Tesla Model 3,-9.079100594239849,Commuter,0.5841349456705043,8.057717582270522,61.362413174530104,-0.8875017407982754,71.7120239679699
62.89081175346798,65.64834863502412,44.87557340248862,Hyundai Kona,22.96664351452421,Commuter,1.6791984280701115,9.76614988041083,26.724401745697044,0.4252319183791342,2.757536881556142
17.25267949273368,58.87841174048256,61.56734925121615,BMW i3,-2.209581899400622,Long-Distance Traveler,3.710275407997624,41.31627181654345,16.59374102485914,-18.698683143517346,41.625732247748886
20.93846607324868,31.804021005309064,24.797064059890324,Chevy Bolt,23.35039451272079,Commuter,3.820788493955309,36.21828322200848,6.4900384041463175,1.5510780000859319,10.865554932060384
61.58085721816703,77.78427713953087,6.535781252164842,Chevy Bolt,36.78572730142667,Commuter,1.705544571305777,13.422390897899296,3.832078834011943,0.3648804001594046,16.20341992136384
51.55000841686424,74.1444021005201,22.572882450288343,Chevy Bolt,24.4117939298946,Commuter,2.96014748988195,25.291575946285857,7.625593835254656,1.0360392201784843,22.59439368365586
58.10937414504025,83.74438408347368,56.51645587863174,Hyundai Kona,69.48593769068968,Casual Driver,3.003171547287772,47.82948046168556,18.818923590852794,0.6883332376486612,25.635009938433427
18.761399355388733,62.33419326937786,76.44990710737748,Nissan Leaf,32.60796419574568,Long-Distance Traveler,2.272736336714355,20.552317280826657,33.637824974409234,0.6302852014143248,43.57279391398913
62.1223748292006,81.29379863432871,51.492346382026085,BMW i3,-4.123444524751449,Long-Distance Traveler,3.911579304355655,35.21951803944553,13.16408089302648,-8.54128576922433,19.171423805128107
50.33758928795222,86.23333848335864,55.78259572680235,BMW i3,15.806771803246086,Casual Driver,1.27970949093876,5.592196058327311,43.590046117327574,0.3537848289287567,35.89574919540642
34.2183195177556,63.34809700506103,37.05562159282365,BMW i3,5.664612657982779,Long-Distance Traveler,1.6833729720021182,7.32241853947061,22.01272220068472,1.2926600601987481,29.129777487305425
25.041372284286226,19.571800307123823,40.271295219742754,Tesla Model 3,7.701936714946803,Long-Distance Traveler,2.7769424258428383,7.675572872388004,14.50202742590887,0.9965769853045358,-5.469571977162403
64.11014685239297,90.55214709137564,44.76974192287614,Chevy Bolt,24.258156107045014,Commuter,0.640695419402568,20.59023557865744,69.87679413194927,0.8487964001797175,26.442000238982672
88.25641630399335,73.26212814178669,38.2137648106408,Tesla Model 3,3.05617342337616,Long-Distance Traveler,1.8886282402986057,35.89219701227775,20.233608708826107,11.744162401827175,-14.994288162206658
10.427706320315131,107.09396797433892,65.12042574597822,Nissan Leaf,16.403827328389546,Commuter,2.426058377025857,12.309725069846412,26.84206874931442,0.7504178642835619,96.6662616540238
25.461538152253187,89.74197873860788,64.0000211656222,Chevy Bolt,38.351675429586535,Casual Driver,3.4456218108047656,30.22669452502872,18.574302311684708,0.788145346623116,64.2804405863547
12.62370186996878,93.11447872975644,5.01388964715821,Nissan Leaf,1.6027160845373398,Long-Distance Traveler,1.0123391282300591,46.87510964459352,4.952776700357648,29.247294699812713,80.49077685978766
58.89235921810404,55.65778913768597,74.93688348332599,BMW i3,27.27523923582613,Casual Driver,1.5045108692821951,14.434749406529797,49.80813699210994,0.5292254004346073,-3.2345700804180737
28.841329486807112,85.27530270966454,40.257196883863706,Hyundai Kona,31.602356878363917,Long-Distance Traveler,1.4415487593554557,17.9473945941715,27.926351170988816,0.5679131674656492,56.43397322285743
75.55734011955374,56.56750423592851,51.20288962549678,Nissan Leaf,15.648404225046924,Commuter,1.4470566363634036,45.19091647032926,35.38416419842053,2.8878929647022042,-18.989835883625233
88.5078973669725,94.47219864187504,54.884964513779416,BMW i3,2.5905175226939665,Casual Driver,3.036137884500907,15.014209056333913,18.077230548045954,5.795833814982317,5.964301274902539
21.383919740695426,58.16782558568132,50.61599542846814,Chevy Bolt,-7.012450425157643,Commuter,3.7607004619470383,34.85455500887653,13.459193557325374,-4.970381663424449,36.783905844985895
11.012541616949,59.81651119957803,55.655332785147046,BMW i3,16.052798431611368,Long-Distance Traveler,1.6789749892738182,30.40482981653153,33.14839895811599,1.8940516786567236,48.80396958262903
18.65763388539243,51.64785974327156,48.75767260331637,Tesla Model 3,30.57894722254161,Long-Distance Traveler,2.516886532810073,34.48123071791808,19.372217208726937,1.1276134023508781,32.99022585787913
40.21207606713552,62.26959799670035,72.95818104852783,BMW i3,12.987388532512288,Long-Distance Traveler,2.917826685071239,29.990454827284875,25.004288781719243,2.3091982466072802,22.057521929564828
74.63709318690526,59.827313210903824,58.11274413766781,Tesla Model 3,24.134468954808234,Commuter,2.5722250771422086,43.477302403000174,22.59240245112305,1.8014609098883168,-14.809779976001437
31.16795633197735,68.26436301399724,56.52037667500273,BMW i3,19.103153183928203,Casual Driver,2.296980267769662,12.888588103956373,24.606383201490573,0.6746838063780881,37.09640668201989
27.239475603277555,94.99744371190305,28.780491407276823,Nissan Leaf,5.291260872920947,Long-Distance Traveler,0.7713119842754502,7.446768633950693,37.31368368963234,1.4073712887718264,67.75796810862549
86.31805712644342,82.64673078507658,9.04773210705438,Hyundai Kona,37.03618549441143,Commuter,1.967714478740673,40.91079821026635,4.5980919512493905,1.1046169486444435,-3.6713263413668358
44.70187213283778,82.62853909687317,51.08539266561558,Chevy Bolt,16.953094518284065,Long-Distance Traveler,0.9497561025934448,25.838487850720156,53.78790673323353,1.5241163094356087,37.92666696403539
58.31902030658071,67.00704755875644,36.26259614170952,BMW i3,-0.4950766029761606,Commuter,2.0123601409406984,38.14908200155225,18.019933611266122,-77.05692770011441,8.68802725217573
80.65255109296433,90.08739343768669,77.45420995738992,Hyundai Kona,2.2490551695889742,Long-Distance Traveler,3.308261928438673,29.413406694147984,23.412357193235987,13.078117020812535,9.434842344722355
38.03890271184613,62.46309786457429,68.21934425725472,Chevy Bolt,1.8150805157682728,Casual Driver,0.8864503813605564,14.884354058498058,76.95788246212854,8.200382258082875,24.42419515272816
67.45954159581203,64.97948545666355,57.67538255763964,Chevy Bolt,3.261647704000889,Long-Distance Traveler,2.8795712052808087,46.31316024594766,20.02915658132346,14.199314104076224,-2.4800561391484734
31.556926298671403,97.82793195403904,20.17078858180017,Tesla Model 3,2.844132917910557,Commuter,2.4504515660490878,40.42078195542164,8.231457769362052,14.21198766797326,66.27100565536765
37.68136593844876,72.0489313914754,78.16770975170616,Nissan Leaf,-4.1366317228707175,Long-Distance Traveler,2.1284750020420256,48.99622283601657,36.72474878808221,-11.844473020192968,34.36756545302665
66.79198381822985,76.5041067060289,76.95348907902107,Nissan Leaf,9.262327033861766,Commuter,3.44323713106448,36.810730035560326,22.349169153862725,3.9742420993110557,9.712122887799055
102.57582675375237,80.98016602086427,62.74942109140281,Hyundai Kona,8.273267247544666,Commuter,2.0733241040849606,15.836202414689543,30.26512881790693,1.9141412867315992,-21.595660732888092
18.16488828155385,114.5256472494268,47.63041181980813,Nissan Leaf,24.21840758397903,Commuter,1.5496956696697346,26.012469410984444,30.735332589500587,1.0740784389223106,96.36075896787295
42.492679191266,93.29904644891742,51.737131530843484,BMW i3,15.612401539347978,Casual Driver,1.3552852998469738,26.691946660730032,38.174347155307565,1.709663090169584,50.806367257651424
59.31521139741232,94.75305519244928,41.88651470928026,Nissan Leaf,7.809076958418935,Casual Driver,3.741115940973061,23.022124692445743,11.196262123430907,2.948123679025302,35.43784379503696
30.700917810684565,98.23729456819592,71.95569072472664,Hyundai Kona,12.970249709301845,Long-Distance Traveler,1.6557431785415109,39.21578542752447,43.45824380089551,3.0235181516513268,67.53637675751136
43.60824251245972,54.32016802359381,39.93276466234457,Nissan Leaf,8.663582494800384,Commuter,2.7059188482942824,49.1166092730102,14.757561812142592,5.66931858760374,10.71192551113409
12.8658870056468,85.47800524874069,30.576281983940227,BMW i3,19.092544204723293,Casual Driver,1.0137325257252732,49.46138235507399,30.16208043839225,2.5906124309424285,72.61211824309389
65.81804152135467,65.5549593407624,73.60654260034698,Tesla Model 3,-0.7790336602996408,Commuter,1.3757248751243405,26.087892105535477,53.50382473362946,-33.487503088764164,-0.26308218059227784
38.21620398289632,95.64518241721714,14.10985781803456,Hyundai Kona,25.19276228244422,Long-Distance Traveler,0.936721070866911,26.39988395239894,15.06303024119683,1.047915415404682,57.428978434320825
73.10677228201467,70.33537354858956,38.957609713355055,Tesla Model 3,-0.2312055283323637,Commuter,2.4309666340833225,28.43834686607273,16.025563315905128,-123.00028927159518,-2.771398733425116
35.26718110379237,59.63373277625455,60.71815399652918,Tesla Model 3,2.3943156992031227,Casual Driver,2.1941605658613272,18.49490674734526,27.672611996239212,7.724506318653278,24.36655167246218
89.5689211273288,60.29772795991465,30.27520935029439,Chevy Bolt,31.55436684655272,Commuter,1.7947550160654286,9.896086973422094,16.868714158362152,0.31362020418746667,-29.271193167414154
15.914269190929192,82.3447958446385,50.92256838738107,Tesla Model 3,12.462636502589325,Commuter,2.7450650696414844,43.40930150579623,18.550586997207954,3.483155550334571,66.43052665370931
40.21147092624306,58.32742248927915,58.92443565485458,Hyundai Kona,4.837412072025576,Commuter,2.201157760691302,33.527215373664504,26.76974667928781,6.930816493296096,18.11595156303609
54.2607349729544,53.80469865249152,13.089183211513587,BMW i3,14.51824632185706,Commuter,0.7499796988190511,31.907713854552647,17.452716696364387,2.197766393212101,-0.45603632046288567
55.59176313362416,99.5051397056067,31.102261453118967,Nissan Leaf,13.781809865463828,Long-Distance Traveler,0.9938422875012384,40.14362962979752,31.29496686171166,2.9127981028380328,43.91337657198253
27.04373974177269,65.83029628276724,27.694411449808683,Chevy Bolt,19.265184430729654,Casual Driver,1.4021806040177809,47.32624673908941,19.750958878231277,2.456568578891978,38.786556540994546
12.870374543107925,50.66155353918523,50.51448558506964,Tesla Model 3,29.292791812955898,Commuter,2.2287292590734094,19.086494735500263,22.665151175011253,0.6515764990026831,37.791178996077306
61.833523772810935,85.03607836550964,20.84637781774533,Nissan Leaf,-2.376886289788956,Long-Distance Traveler,1.4997710475131931,26.5778147612731,13.899706793454387,-11.181777973751089,23.202554592698704
55.564613174233735,94.0011014205332,45.61965970987572,BMW i3,33.50184840988644,Commuter,0.9138336150419216,36.526791648593296,49.92118801384095,1.0902918311162255,38.43648824629947
37.05047750954196,86.27388445512443,39.6867657804195,Chevy Bolt,4.3384480282762965,Casual Driver,1.4029154025306867,4.3193301269317,28.28878042740814,0.995593377811606,49.22340694558247
21.38977950280133,50.8557292936082,6.818019426679227,Chevy Bolt,37.48726740198843,Long-Distance Traveler,3.061664696545612,17.694894017570398,2.22689944930018,0.4720241096215994,29.46594979080687
40.12482652499342,67.16138764176819,55.17152825512059,Tesla Model 3,34.58604378699818,Commuter,2.285793895197182,8.403361701935179,24.136702950797435,0.24296972945758621,27.036561116774763
70.55175016871056,76.77538776743103,16.376371083048106,Chevy Bolt,3.32494483529693,Commuter,0.8639844960966747,33.30056555155114,18.954473323345013,10.01537384862425,6.223637598720472
30.602836019246677,101.90518140943736,37.610115032737085,Tesla Model 3,38.34082129198921,Commuter,3.4417237794551143,21.067668668395044,10.92769712004356,0.5494840214285354,71.30234539019068
48.29442033601399,98.25239498716788,38.00957724097448,Hyundai Kona,-4.148661344077772,Commuter,2.83023631240392,6.590228457006733,13.429824596056525,-1.5885192621022937,49.95797465115388
15.751627241160556,57.05048211192729,51.89127939896392,BMW i3,33.35723142905603,Casual Driver,1.8541792518952216,29.900892186844303,27.98611803358495,0.8963841094078011,41.29885487076673
14.647732319215194,62.33236181674138,9.889982502961283,Chevy Bolt,19.95036063508279,Commuter,1.6137816723307057,40.44087745654424,6.1284513714161015,2.0270750086306104,47.68462949752619
25.597117129896727,50.35637514143106,73.62743176033132,Hyundai Kona,19.801343926460056,Commuter,0.9623444060505908,40.53583769714743,76.50840104375345,2.047125581359171,24.75925801153433
20.5692515503208,63.35465060540821,69.10595990230438,Hyundai Kona,41.34107902225962,Commuter,1.2571513955819476,27.381349198927023,54.97027656745714,0.6623278793517667,42.78539905508741
14.150088479759331,82.19616739046829,18.30737391871987,Chevy Bolt,13.584474481065872,Commuter,6.7730953274048815,23.91551161182956,2.70295530090145,1.7605032601859687,68.04607891070896
26.09080885412256,66.72274076075291,41.74488149336455,Chevy Bolt,19.75721265194322,Long-Distance Traveler,2.60786075221863,11.144567690649613,16.00732763735572,0.5640759092378088,40.631931906630356
14.671390433943747,60.1161429061504,39.152310092112536,BMW i3,32.05147860509171,Commuter,1.3156156867258408,9.938104195050748,29.759686272478618,0.3100669494065705,45.44475247220665
39.79613148030942,91.68222793303246,37.1185672622842,Tesla Model 3,-0.5426394244535891,Casual Driver,0.563718560861195,8.690646595879642,65.84592000231113,-16.015509018038433,51.886096452723045
21.960265246418267,69.3035164553931,35.34544122101473,Hyundai Kona,-7.257652153666562,Long-Distance Traveler,2.1133442993961395,20.00393210023944,16.724885401358513,-2.7562539064556106,47.34325120897483
67.9052419126301,65.23658770368718,45.6603131979625,Nissan Leaf,22.739546013745937,Long-Distance Traveler,2.505972271289247,40.67941803976215,18.22059793761072,1.7889283284359174,-2.6686542089429253
35.798300297564126,64.90655620413222,37.97418005443737,Chevy Bolt,18.32971351190968,Commuter,1.7436765227430318,4.275219135924531,21.778225237958132,0.23323982304179056,29.10825590656809
87.41341613137504,87.13199165729654,45.393753939065256,Hyundai Kona,6.020441252612322,Casual Driver,2.0897210921916995,10.274728630596702,21.72239831845516,1.7066404603048666,-0.2814244740785057
45.77227393548064,71.41642377003204,29.98141610704047,Tesla Model 3,-0.6363455823008923,Casual Driver,0.6619795782123663,7.851718359790319,45.290545348851055,-12.33876462440448,25.6441498345514
23.705260306623856,58.83172596149558,6.006718634009571,Tesla Model 3,4.788927799468437,Commuter,2.335712156570332,35.128246837314904,2.571686163088521,7.33530516814517,35.12646565487172
24.96361309359425,68.640672558889,6.623592694043594,Tesla Model 3,28.617521055662166,Casual Driver,2.700212559659974,19.75648055679933,2.4529893657252204,0.6903631002270331,43.67705946529475
12.42991030172564,91.4909780419121,11.431328818332826,Tesla Model 3,21.34994476159788,Commuter,1.937482885661684,67.9346789314074,5.900092797170092,3.1819604073918466,79.06106774018646
21.52681288411701,54.85928878100147,78.93551157563188,Tesla Model 3,-9.442146080548932,Long-Distance Traveler,2.757861218052766,16.976051559877522,28.622002825568433,-1.7979018133227818,33.33247589688446
19.42640522822153,59.51725759017592,58.74152298342496,Nissan Leaf,-0.0042983103351286,Long-Distance Traveler,2.91425796993607,19.94270234661768,20.15659683851309,-4639.660888054752,40.09085236195439
42.29926372011892,56.840099035157095,59.21757555858335,Chevy Bolt,20.42209326152622,Commuter,1.6027506934963118,41.42637793106033,36.94746525387769,2.0285079203464758,14.540835315038173
13.959547122719016,64.56353579175058,40.85727641136661,Chevy Bolt,3.3129340256379187,Long-Distance Traveler,2.539533442160372,6.498801921119486,16.088497096777537,1.961645439005721,50.603988669031565
38.2703909545761,40.62863808269988,56.06964024826272,Chevy Bolt,-5.191914818453904,Commuter,3.590900004760119,47.96329395566978,15.614369705070168,-9.238074127331837,2.3582471281237787
75.67577259639745,85.2949905553163,78.23675255331868,Chevy Bolt,37.87978079650087,Long-Distance Traveler,3.816622733917169,16.394166206151134,20.498948417943534,0.43279464298445836,9.619217958918853
64.00404985170908,93.61414444510086,17.47337751568118,Nissan Leaf,9.462508078784246,Commuter,0.8345780770594409,25.79263544269118,20.936779908294522,2.7257715637274305,29.61009459339178
45.5548487819631,63.62752663271483,26.22106760279984,BMW i3,35.50986903982761,Long-Distance Traveler,1.1138600482698042,29.5358934103807,23.540720078370615,0.8317657656594976,18.07267785075173
55.56943740686081,60.11586883096487,70.09733350116187,Hyundai Kona,-5.445961361465914,Casual Driver,3.6169290206931297,11.681362395611878,19.38034534272635,-2.1449587355257242,4.546431424104064
16.38207402475386,86.67837613254692,55.40858450740993,Tesla Model 3,5.184691378606797,Casual Driver,3.843501686006378,29.5983026669443,14.416172811669211,5.7087877571794445,70.29630210779305
76.46236262295349,81.41249704737655,33.47231506142258,BMW i3,8.656254905347547,Long-Distance Traveler,3.2985827797971496,43.48176399161749,10.147483721321372,5.023161224694977,4.950134424423055
18.334245800640552,83.75053463404171,53.57520170906194,Chevy Bolt,5.569659040875767,Long-Distance Traveler,0.8343746327657573,27.328398363692767,64.21000783721414,4.906655535487802,65.41628883340115
81.4838864423626,83.17300490648739,11.28842885033608,BMW i3,23.156295052749957,Long-Distance Traveler,2.3928429886885234,6.335184959518231,4.717580260676893,0.27358370348480626,1.689118464124789
61.34886230104159,77.18551316805166,42.95272026706106,Tesla Model 3,3.73369637524237,Long-Distance Traveler,1.614998982232772,9.873961584874488,26.596128381256296,2.6445539734691272,15.836650867010064
27.776033046086788,52.49968087524582,43.24493715557364,Tesla Model 3,20.0042055952085,Casual Driver,3.1965323284374243,13.109736836228274,13.528703204673441,0.6553490351733027,24.723647829159034
35.46639266915101,85.90345513485525,12.442167206200743,Hyundai Kona,-9.113062954570749,Long-Distance Traveler,2.922629067403097,41.66867825242623,4.257183145467117,-4.572411982683263,50.43706246570424
59.86044199141078,58.86552427138545,29.18339676386404,Hyundai Kona,9.01565552177644,Commuter,3.0992111138460023,5.365145089951124,9.416395234737191,0.5950920681244017,-0.9949177200253274
76.20017926413267,93.64562570817117,74.18267082528274,Chevy Bolt,26.653568508375912,Casual Driver,1.0668374057648584,19.43713227241471,69.53512355718182,0.7292506542344066,17.445446444038495
22.9005078019988,94.2082551923395,72.08924276832295,Tesla Model 3,3.9270317882741193,Long-Distance Traveler,2.496163491704368,7.494575511011551,28.880016476445128,1.908458070899732,71.3077473903407
17.39679727382058,70.36785122188101,25.32972426052728,BMW i3,6.316303249641685,Commuter,1.7427239865770945,29.146260753872603,14.534558803128487,4.614449243792408,52.97105394806043
74.91089788703967,80.2270613305852,58.50930203255331,Nissan Leaf,21.77882686872875,Casual Driver,1.6089128439711164,19.89667188726539,36.36573743058743,0.9135786792921403,5.316163443545534
68.52902554506932,65.88306142647487,76.57770216711769,Nissan Leaf,28.21004844258821,Commuter,1.80959882757053,28.359489354784053,42.31750208963541,1.005297435504231,-2.645964118594449
70.42719826843793,87.6675011896267,32.02408532686721,Hyundai Kona,-2.484196543850139,Long-Distance Traveler,1.2878208260813808,37.868282872164,24.866879521051885,-15.243674243855818,17.24030292118877
81.91585484648354,90.06007049634754,63.43204575363278,Chevy Bolt,-0.6996883533243974,Commuter,2.7468779364385645,18.59404896023581,23.092415178766526,-26.57475842193278,8.144215649863995
65.25148905116008,98.51217259520983,8.259211353059325,Nissan Leaf,-3.200317458207632,Commuter,0.9277405425487856,39.03935628043056,8.902501264382343,-12.198588668230096,33.260683544049755
61.33155976729762,66.03455228463187,65.03081468702587,Tesla Model 3,-4.851715656125184,Casual Driver,2.243740903492853,38.775620008365,28.983210399111492,-7.9921460276452185,4.702992517334252
16.99015327254326,86.17556795149068,39.18998751353248,Hyundai Kona,32.8255992419043,Commuter,2.7285229579773715,19.260045839091497,14.363077795974878,0.5867385907308778,69.18541467894741
28.92874740727782,89.16066921831944,79.3573768668566,BMW i3,24.910424822617003,Commuter,3.365992362670763,12.795542776205028,23.576220120680873,0.5136621662344164,60.231921811041616
35.73213906423297,84.32791319860702,76.66382798129307,Hyundai Kona,26.596317875349683,Casual Driver,4.189681044262882,14.225154049615949,18.298249239347776,0.534854265025922,48.595774134374054
11.573007198070542,82.60183016968261,54.31762293384593,BMW i3,-4.197269059879591,Long-Distance Traveler,3.678719663093883,34.08989660984318,14.765360752758104,-8.121923117985943,71.02882297161207
78.97978953798717,89.77926783910603,31.55147285240084,Hyundai Kona,46.801341729157656,Commuter,3.333534557949501,38.11018090389658,9.46487048624105,0.8142967593630674,10.799478301118853
68.4341184931085,86.79517154359726,45.81366156734756,Hyundai Kona,28.43121149441489,Long-Distance Traveler,3.4441791955691783,17.354640600950866,13.30176479385431,0.6104080582130685,18.361053050488763
64.07772203130133,83.38433428849228,60.38629791395793,Hyundai Kona,22.61348345125501,Casual Driver,3.4602596335154057,8.658326061789474,17.45137773162104,0.3828833395108329,19.30661225719095
59.28849653623039,75.733176937099,32.598880789009,BMW i3,37.06659942025868,Long-Distance Traveler,2.386367417747474,41.21937464677459,13.66046173215839,1.1120355061286311,16.444680400868613
60.18022304149606,84.29906796466211,0.0457718422773702,BMW i3,-0.1350580050764129,Commuter,2.0430838416650303,5.44374481066405,0.022403310791234105,-40.306717158928095,24.11884492316605
33.82915897800707,95.04055604726486,53.39896875032125,Hyundai Kona,27.89850262303308,Commuter,3.2439420776713943,40.57558754811164,16.461135085572412,1.4544001911633897,61.211397069257785
17.428986745060058,87.44489783039378,73.45257577678328,Nissan Leaf,37.30680829588688,Long-Distance Traveler,3.64455936950464,15.4157930600366,20.154034638971126,0.413216615524202,70.01591108533373
82.54484839850262,70.70118042446026,75.52338506958138,Chevy Bolt,0.5816117003472154,Long-Distance Traveler,3.3269171700461,24.890919200595857,22.700710961353714,42.796455411292904,-11.843667974042361
20.322311747125468,72.49386583777576,65.03863434488625,Chevy Bolt,20.2279378845906,Casual Driver,3.4585083780704537,25.89338081006577,18.805400257891563,1.2800801029644766,52.17155409065029
38.32835573102604,77.07377878168418,63.991170227375775,BMW i3,21.30411003123327,Commuter,3.2737059775809283,42.39327710410479,19.547012060826976,1.989910728115531,38.74542305065814
19.680300050248476,54.407086555155765,65.93421330641783,BMW i3,-9.603661066589568,Commuter,3.303450539696576,38.53754360884597,19.959194943016744,-4.012797134513135,34.72678650490729
66.7905157286936,91.0452914350937,26.75691987130609,Nissan Leaf,23.120492617638803,Long-Distance Traveler,0.1653938787380431,6.239252739553471,161.77696584336522,0.26985812295337935,24.254775706400096
65.58060133714983,76.29116197989212,26.510946858011508,Hyundai Kona,14.418684135818658,Casual Driver,3.1485867738246958,28.53131850003748,8.419951159804866,1.9787740844645072,10.710560642742294
23.244547367871437,94.69156133251312,77.63851676623986,BMW i3,-3.3862931111228143,Commuter,3.577530942531314,8.125454971256818,21.701703776545404,-2.399513185839548,71.44701396464168
57.11198523848862,66.24176289035326,78.13016919490377,Chevy Bolt,13.29560813768044,Casual Driver,3.3707680458935494,3.984866071006567,23.178743874140537,0.2997129600798967,9.129777651864636
43.65117260522543,58.44514370032261,5.602389790671721,Nissan Leaf,-0.749512869450399,Casual Driver,3.2474971104825423,16.323426565043984,1.7251408084668833,-21.778714189408902,14.793971095097177
18.696751984011428,97.36484816964293,20.09377734133772,Nissan Leaf,28.69743344654665,Commuter,1.1522928608565994,46.35099882248561,17.438081952881554,1.6151618195690363,78.6680961856315
89.20784953728413,82.21746679952676,40.27604440348503,Chevy Bolt,22.79322070574464,Long-Distance Traveler,1.2233552822617653,3.827057840993469,32.92260636584805,0.16790333803194932,-6.990382737757372
89.97564874838083,95.03577021009548,53.95698169820941,BMW i3,6.800062381671708,Long-Distance Traveler,3.737052894016936,17.874744589794915,14.438377841693157,2.6286147959425983,5.060121461714644
54.46997534613716,78.51051530366115,60.61379392452427,Nissan Leaf,32.52462890743878,Commuter,3.0746734221595973,20.91795172247681,19.713896600423404,0.6431419027717983,24.04053995752399
84.99521399071405,59.29101877595426,63.30842211900583,Hyundai Kona,27.576695560235585,Long-Distance Traveler,3.8048289639024975,6.452270808883824,16.638966618376536,0.2339754882810442,-25.704195214759793
33.74868999728057,70.86209993313832,38.60563636862258,Nissan Leaf,-2.7810148317137484,Long-Distance Traveler,0.8730910744027252,33.68293022414009,44.21719279976879,-12.111740591970742,37.11340993585775
17.409983974225376,91.29622820100433,65.60582507754691,Tesla Model 3,1.8473705522469888,Casual Driver,3.942321823588556,7.330086292613371,16.64141792915025,3.9678484014469433,73.88624422677896
70.09449291993268,59.04290082900266,46.61987332807575,Tesla Model 3,-0.4607568221114935,Long-Distance Traveler,1.5627877600816036,7.38868633786724,29.83122501909115,-16.03597816307391,-11.051592090930015
33.053741323794696,53.8698231887537,49.363214910123695,BMW i3,-6.553346941294854,Long-Distance Traveler,1.226170646797648,2.2461345077917296,40.25803018449681,-0.3427461612993625,20.816081864959003
33.94560873113889,58.13513510158474,24.87454059878397,Chevy Bolt,7.879043434779273,Commuter,0.9271524671043444,11.441407583369728,26.82896447061335,1.4521315535418484,24.189526370445847
46.38733766985727,77.34027871043172,54.36218573947502,BMW i3,31.4781936755052,Casual Driver,1.925077717311921,36.36127862677181,28.23895640711252,1.1551259580395299,30.95294104057445
81.59731029150917,84.92637814847063,6.443672288667047,BMW i3,-4.27530532725275,Long-Distance Traveler,2.6345294176538347,14.992418440021032,2.445853231126727,-3.506748008020037,3.3290678569614585
18.51710428701412,86.57990242690329,28.215649389656605,BMW i3,28.843991321528694,Commuter,2.4068069239659198,23.693078848689176,11.723270823553662,0.8214216466985635,68.06279813988917
89.03952891250614,98.83105506756796,42.2855347814151,BMW i3,37.90202120519155,Long-Distance Traveler,2.711851128865101,19.16718327808918,15.592867296926963,0.5057034603596231,9.791526155061817
56.06768463228563,93.03849523640392,76.1733008089697,Hyundai Kona,18.045096071792507,Casual Driver,1.5060998972642905,28.587452781207983,50.57652613039306,1.584222808649655,36.970810604118284
68.91614283358405,67.94804573171436,34.99715934379533,Hyundai Kona,36.23500791319978,Casual Driver,0.7869547856185278,20.394976393778617,44.47162655766607,0.5628528201962689,-0.968097101869688
65.08674311260134,78.37929074218383,34.95512440558501,Tesla Model 3,4.945602060220825,Casual Driver,1.6847005049924406,12.02937482597922,20.748568841760903,2.4323377982097694,13.292547629582486
88.39122579769648,77.93392383324964,62.0462303749696,BMW i3,-0.9664435909539096,Casual Driver,0.9227646505635444,18.562655792808293,67.23949637329211,-19.207179773923876,-10.457301964446842
40.28184347706025,72.00903871751785,69.8745479772151,Nissan Leaf,2.7730014481747194,Casual Driver,2.0146280418884985,16.510459616824008,34.68359743057839,5.954003243558251,31.727195240457604
47.66326224337725,72.19157526460326,10.43167346455136,Tesla Model 3,5.443960406317798,Commuter,3.313162432081679,31.39207659559448,3.148554795726414,5.766404281552728,24.528313021226012
78.59233355708729,82.77998846130095,46.53802191715521,Chevy Bolt,29.37384640167033,Casual Driver,3.427368711002069,7.195331905849656,13.57835291188988,0.24495708895109142,4.187654904213659
82.90492657405008,91.6032987741045,53.20639354696602,Hyundai Kona,11.393724185781725,Long-Distance Traveler,3.949096248516374,47.633710498339866,13.473055655950395,4.1806971734301035,8.698372200054422
71.87974605129378,94.0055082486268,26.967931002629683,Chevy Bolt,39.774029896087946,Long-Distance Traveler,2.735253160120939,15.822164791755156,9.859391224115175,0.39780140038843226,22.125762197333017
68.4597533477996,92.96713396760146,68.51919496631803,Tesla Model 3,-2.2696791129201275,Long-Distance Traveler,2.362047175321772,48.5891782123757,29.00839393988138,-21.407950549389227,24.50738061980185
51.37788920930001,73.60900224029965,79.24854612418856,Hyundai Kona,12.536190169540204,Casual Driver,1.7737185188156643,33.00513137989047,44.679324979424514,2.6327880267870105,22.231113030999637
33.90897268213148,92.7547018376424,34.14920011576352,Nissan Leaf,19.73089265455248,Commuter,3.975565377243093,48.766303687005376,8.589771988467392,2.471571080984701,58.845729155510924
44.01342983894161,99.68968983185609,66.70625110738425,BMW i3,31.48873207120465,Casual Driver,2.8343115681998023,25.290644953249668,23.535256975912624,0.8031649193133782,55.676259992914474
2.481152833456981,83.48486936458664,30.773548133404887,Tesla Model 3,12.807352549919983,Long-Distance Traveler,3.0979140825176104,49.75179689755983,9.933635121473694,3.8846277326745926,81.00371653112967
47.690745477713776,75.97116089477203,24.155781563888247,Tesla Model 3,23.403014534948117,Commuter,2.3027112101525438,4.78414666269556,10.490148073013481,0.20442437684903,28.28041541705825
42.655342541761705,79.51109044035044,10.347606688667652,Chevy Bolt,37.462706490839466,Commuter,3.3184757486494423,9.391635794111917,3.1181805962809688,0.25069293368882456,36.85574789858874
52.29889078362029,71.43642102852772,26.30453465597864,Hyundai Kona,31.42190013718612,Commuter,3.584508026255726,49.88918287588557,7.338394687165926,1.5877201142538295,19.13753024490743
83.74328834590922,88.14544588814516,26.730320039666697,Tesla Model 3,-4.604987942538754,Commuter,0.6687078471604287,12.953727651636695,39.97309161717354,-2.812977539414628,4.4021575422359405
82.44163028037494,23.03568088220334,48.61478557078329,Hyundai Kona,11.908733692048816,Casual Driver,3.691287395654341,22.068883731114205,13.170143735764452,1.8531679607420464,-59.4059493981716
86.16287277426302,89.96604740046648,1.3302257390094765,Tesla Model 3,-3.943574146378939,Commuter,1.3380403269013796,23.292885323425644,0.9941596768536864,-5.906541745845857,3.8031746262034574
73.34621767453042,78.15992983033394,44.01595165676219,Nissan Leaf,5.879536154002451,Casual Driver,1.3243102972703742,38.10527790601866,33.236886964849894,6.481000695961155,4.813712155803515
53.517570863816445,95.64661186487156,18.433946311771635,BMW i3,30.519921506155317,Commuter,1.6154592958648422,22.32469710701733,11.41096303630662,0.7314795060175643,42.129041001055114
46.5621884016344,52.45722719775885,37.70311871847127,Tesla Model 3,6.67276641361206,Casual Driver,2.734672708146337,34.72246309072786,13.787068048822505,5.203608359479814,5.895038796124446
56.02945617422336,65.41417061782558,56.19836617198485,Hyundai Kona,34.05934132179261,Casual Driver,0.182479566999436,40.72369852949949,307.9707339077506,1.195668998549973,9.384714443602213
78.60317582662809,21.88022093970054,73.27597597314914,Nissan Leaf,31.147743770322947,Long-Distance Traveler,1.4872108780959543,23.324573102976085,49.270736956256584,0.7488366821997345,-56.72295488692755
69.67036362566304,52.63858939356436,23.92505033099207,Chevy Bolt,38.26084883303293,Commuter,1.628740264248428,42.92910573577623,14.689297524078915,1.122011326071598,-17.031774232098684
65.93591222057864,62.63636323265228,50.48944002879003,BMW i3,29.595187959640768,Commuter,0.7201439016240072,42.7873881539225,70.1102097996394,1.4457549048944056,-3.2995489879263644
42.30136723646485,70.72631713302562,66.09153402649976,Tesla Model 3,9.953924428737029,Casual Driver,1.272887205572356,37.60056305645556,51.922537784313405,3.777461173796192,28.42494989656077
33.06564163338204,56.79590134724898,61.03806279047378,Nissan Leaf,27.0555281487778,Casual Driver,1.9937683956108183,41.54944191942096,30.614419871859756,1.5357098812095413,23.730259713866936
83.32298244816201,83.79553659011722,64.22961963559717,Nissan Leaf,14.38609315905826,Long-Distance Traveler,2.129584266932735,18.162629025176784,30.160637751192557,1.2625129577824687,0.4725541419552144
81.95826163628871,70.54283762212998,44.88676331081039,Chevy Bolt,22.75372165005944,Long-Distance Traveler,2.041257190991683,28.977394499900573,21.98976371468581,1.273523291950127,-11.41542401415873
82.36033129744631,92.03577293542216,58.94085857253415,Nissan Leaf,19.457576528230543,Long-Distance Traveler,3.2053484932274814,43.70221210436277,18.38828404994625,2.246025451368841,9.675441637975851
10.813905445398316,36.548360117720776,29.758384839143087,Chevy Bolt,-1.3533315020834618,Casual Driver,2.1552441827737554,29.385047414670687,13.807430766774951,-21.713118603558872,25.73445467232246
60.63891761828843,73.00925296352099,69.59647495660728,Chevy Bolt,73.16958797465479,Long-Distance Traveler,2.339041995533334,14.860688976543733,29.75426481846399,0.20309925732657297,12.370335345232562
42.78718946396368,51.76174546563856,14.49216023800693,Chevy Bolt,25.002273728975453,Casual Driver,3.889259235283929,41.3779107591241,3.7262006364944593,1.6549659126070086,8.974556001674884
10.819040206079633,56.53710030512335,38.409401627820046,Chevy Bolt,-3.6133359036523007,Casual Driver,2.4975733714164927,22.11602009706145,15.378687996675847,-6.120665414667632,45.71806009904372
23.358908235399383,97.6615848182109,8.234584116412151,Tesla Model 3,38.56896076290053,Commuter,0.9049933799223272,43.81287256129691,9.099054533546864,1.1359619677240695,74.30267658281151
47.97900919898407,69.99654315322091,34.86162084385812,BMW i3,35.40159928223272,Commuter,3.470197295523424,4.940614327420578,10.04600542131418,0.13955907155584812,22.01753395423684
75.98838195309912,84.93627487609037,49.40924272632639,Tesla Model 3,-7.571738421994169,Long-Distance Traveler,2.8793142483569616,34.01485460165388,17.16007301201008,-4.4923441230944405,8.947892922991244
35.85159555483042,67.58411098713819,9.98078152795496,Tesla Model 3,37.805048131823085,Casual Driver,1.8536958220858872,33.333004333464,5.384260680225302,0.8817077607528645,31.73251543230777
25.8453357096222,90.97337817944654,29.05244637809921,Hyundai Kona,-1.9739257222116076,Commuter,2.947798348838419,15.963532916763002,9.855642394788413,-8.087200413436676,65.12804246982434
51.67969007886535,95.81112960148884,42.09423335073603,Chevy Bolt,30.72225711480281,Commuter,1.0017255391880249,6.310026487597654,42.02172322057061,0.20538941732107677,44.131439522623495
30.740858260175507,81.8451096406268,45.76954763488772,Nissan Leaf,1.26095069186752,Long-Distance Traveler,0.9570522514645856,17.400526642896487,47.823457459972715,13.799529795352734,51.104251380451295
49.92314428758909,56.18148263027092,53.71328701264429,BMW i3,23.76365989768123,Commuter,0.8914608032917152,18.622976474713525,60.25311131382132,0.7836745919987975,6.2583383426818315
15.557362352976847,78.8499962834668,66.40550756937826,Nissan Leaf,33.78521651446477,Casual Driver,3.0266926899756235,39.856189586296345,21.939957032741596,1.1796931823489234,63.29263393048995
89.11032954040108,51.82133562563068,11.456912304995278,Hyundai Kona,15.442212140290906,Casual Driver,3.507587027314703,18.905372831421296,3.266323035116915,1.224265840908539,-37.2889939147704
32.74760815559499,57.68229024941695,75.57096449529908,Tesla Model 3,13.412847370406324,Commuter,2.5744522324326478,21.51246491908547,29.35419175514889,1.603870104907768,24.934682093821962
72.82160527280595,64.59866868206431,44.36125627735559,Tesla Model 3,39.93747558297834,Casual Driver,2.8696201272055117,3.91865577143935,15.458929862105261,0.09811976631566346,-8.22293659074164
77.23373540326355,82.60953925656403,28.253031404856078,BMW i3,1.9407538506589648,Commuter,0.90863538505303,30.00242931333289,31.09391497361416,15.459162584243153,5.375803853300482
26.685522266314265,90.02467732975637,39.48883106753241,Tesla Model 3,35.74915475913812,Commuter,0.8584585118721564,16.371516065901147,45.99969657405316,0.4579553328240941,63.33915506344211
22.474567704641608,72.9195428099425,25.36585765013293,Tesla Model 3,24.906088984658915,Casual Driver,0.5600185390642642,37.58308954905695,45.294674873651104,1.5089920208751573,50.44497510530089
27.76605599551436,55.46322428105755,69.21096127147155,BMW i3,11.888933956267842,Casual Driver,2.286994123653503,28.756620252349077,30.26285050566992,2.418771973847882,27.69716828554319
21.2447917415735,73.43628023070899,34.60220459389867,BMW i3,5.097228917849462,Long-Distance Traveler,2.518838903178549,5.579750455304233,13.737363096240014,1.0946635015282675,52.19148848913549
68.76134194190155,55.146158675613634,40.78700348086861,Hyundai Kona,-0.6584932383603714,Long-Distance Traveler,3.4318472030931444,11.03185074828479,11.884854152045884,-16.75317240273229,-13.615183266287914
44.919466155459816,53.746604292730986,21.871253290777545,Tesla Model 3,33.404773441516134,Commuter,0.5720001264069344,10.60205634209747,38.236448352142176,0.3173814772508236,8.82713813727117
12.43408225621689,68.06083094339918,47.23207084043696,Tesla Model 3,10.739123065261666,Casual Driver,3.643773933683493,42.96030719302265,12.96240428195007,4.000355236824534,55.62674868718229
41.7717522015893,67.06652608674831,18.79049305407434,Chevy Bolt,-2.736637603643607,Long-Distance Traveler,1.639131350863248,38.26182988936178,11.463689620833824,-13.981328707322923,25.29477388515901
64.56614544409143,63.95523977697776,47.28525433337332,Chevy Bolt,-3.667359714510246,Commuter,0.658087147741172,3.602939855704881,71.85257225532501,-0.9824342677511338,-0.6109056671136699
77.60389702939446,58.55293988014034,30.165570663990163,Chevy Bolt,37.22247845478768,Casual Driver,1.1724526452065331,21.343936482346656,25.728604722177376,0.5734152417677424,-19.050957149254117
61.53265078264192,89.00103781384965,34.895113266087755,Hyundai Kona,-6.428742353356784,Casual Driver,1.603396900811905,4.881436198623996,21.763241059289857,-0.7593143309087729,27.468387031207726
19.82642791357606,92.7765202491452,54.96447201998234,Tesla Model 3,39.53379889129042,Long-Distance Traveler,3.522937606509423,41.40704557419398,15.601886311702785,1.0473834221713576,72.95009233556914
37.3671232960542,98.55545614910588,74.78581939727512,Hyundai Kona,21.379288316532588,Commuter,1.678513518078668,36.55346728472156,44.55479124343286,1.7097607153019585,61.188332853051676
42.67037445051806,75.69609265423627,34.79054782301729,Hyundai Kona,17.24178715039715,Commuter,1.813883272279106,23.21525779216274,19.180147010950545,1.3464531019702324,33.025718203718206
28.9030166431617,78.34862219833958,69.13309024823164,Chevy Bolt,3.442904170942761,Casual Driver,3.0076728841988243,10.70555783206436,22.985574864683837,3.1094556515445757,49.445605555177885
24.843632006236238,87.93733107562853,27.752745917900945,Tesla Model 3,34.02288007257426,Casual Driver,0.9038658015347332,31.655896284542944,30.704498246064553,0.9304296466677042,63.0936990693923
34.63530076366829,54.26589121229157,35.38682540127056,Nissan Leaf,-7.643423793434708,Long-Distance Traveler,2.307793619186011,44.84899049694756,15.333617836135607,-5.867657179426639,19.63059044862328
68.2737038427022,93.57394709925563,68.56767860768713,Nissan Leaf,-9.831678296419836,Casual Driver,1.5582031664365312,16.475471001557096,44.0043250358008,-1.6757536714313128,25.30024325655343
21.0234699710778,82.17941381709426,36.46547333950338,Tesla Model 3,36.15182985380533,Commuter,1.209165866938475,37.86028498935581,30.157544416823026,1.0472577776134517,61.155943846016456
21.82670356550261,67.99820231488735,40.27163575273819,Chevy Bolt,33.79134237286147,Casual Driver,2.69291212611694,49.5663805841103,14.954678751737847,1.4668366837038733,46.17149874938474
77.30425196618461,54.73637426788959,34.43336364069278,BMW i3,22.206196007205108,Long-Distance Traveler,0.6802510481291344,34.171979726515815,50.61861166608034,1.5388488742253847,-22.56787769829502
28.18918545742428,96.02650743055818,59.79776909471581,Chevy Bolt,-0.6351476144346968,Long-Distance Traveler,2.122151382858424,14.564929422469216,28.177899832089935,-22.93156597215988,67.8373219731339
81.95499699157732,59.94650610625163,59.7683124702693,Nissan Leaf,18.164643363551534,Long-Distance Traveler,3.253943970799586,35.05498942171652,18.367959930048375,1.9298473809872039,-22.008490885325685
26.348198442271595,95.16288706703092,36.70152016311202,Nissan Leaf,30.285847535845377,Casual Driver,1.8724897379065244,19.121932643865595,19.60038520913068,0.631381790495824,68.81468862475933
58.948118682538286,54.516206852764384,10.23177592340076,Chevy Bolt,-3.8238030689059865,Long-Distance Traveler,2.6867849756685187,44.95562494894919,3.8081856255932487,-11.756783531692513,-4.431911829773902
17.695975504183732,75.49959138981414,24.23053686415175,Nissan Leaf,4.975285949972822,Commuter,0.9340104811844988,7.757341318099225,25.94246783336192,1.5591749692581187,57.80361588563041
17.075691755127025,94.5111556731093,21.70612432843914,BMW i3,18.748822095579296,Casual Driver,2.5051031041296725,47.97954498307951,8.664762856529341,2.5590698305464428,77.43546391798228
53.19306374895672,96.33954228277024,57.896271802948434,Tesla Model 3,23.90632005170732,Commuter,1.733814613519093,10.411646338286076,33.39242347567794,0.4355185706443559,43.14647853381352
78.17670282487093,39.3282356555425,35.17106494410814,BMW i3,8.223655111977719,Long-Distance Traveler,1.3929038766830024,38.82106904731582,25.2501737793012,4.7206586996545,-38.84846716932843
10.874271917419884,80.29223804479403,15.729551165353076,Nissan Leaf,10.753377825339362,Long-Distance Traveler,3.8826745929591495,38.31515901166463,4.05121541575415,3.5630812600463484,69.41796612737414
70.12447701929887,61.59652123034113,34.077999734831565,Hyundai Kona,5.369915824151569,Commuter,2.364887014594136,12.59762021470088,14.409990635717563,2.345962325525143,-8.527955788957733
88.85463220577344,69.4717483239227,26.050244075726223,Tesla Model 3,19.394695410871684,Commuter,2.0344660264566903,27.14552199858703,12.804462565096946,1.3996364172530713,-19.382883881850745
27.099273239145614,55.421233705785504,15.42551087839598,Chevy Bolt,0.009960832525655,Long-Distance Traveler,1.7093751262201915,18.999925589860798,9.02406419853857,1907.4636121955489,28.32196046663989
44.388578321399386,86.6084085437094,13.650698039870646,Chevy Bolt,28.919139896811515,Long-Distance Traveler,1.4602158515437484,33.304090865799786,9.348411075964592,1.1516279870229382,42.219830222310016
58.36277008675972,83.42106852028354,67.45812734205117,Tesla Model 3,24.41574986482181,Commuter,0.8732927437039172,17.885559321838468,77.24572066858065,0.7325418805837279,25.058298433523824
53.24028839982735,85.77640672316048,61.23146590227786,Chevy Bolt,38.96386339724878,Casual Driver,2.331310347529361,9.14250329772684,26.264828261569193,0.23464057464004937,32.53611832333313
72.88118470947465,86.9355478700154,23.193290217345247,Chevy Bolt,17.07536931702216,Casual Driver,2.007710442831197,31.983192464080947,11.552109170005089,1.873060070929032,14.054363160540746
19.3235262252255,81.92624464521084,48.38617697981442,Tesla Model 3,17.947029494117277,Commuter,3.738364454329079,27.805230847752817,12.94314066243128,1.5492943195344324,62.602718419985344
79.22097833054445,54.367268756829496,29.6808062667524,BMW i3,34.188574175592194,Commuter,3.7216169245582016,45.67133508007575,7.975244864912003,1.3358654515835673,-24.85370957371496
22.3498792992591,80.08848451859055,56.1150925022779,Chevy Bolt,36.59253901129126,Commuter,1.0574159301938304,5.488039505342126,53.06813610420233,0.14997700770773784,57.73860521933145
46.21839948967462,60.72812098502296,15.898734225246953,BMW i3,-5.068598813987704,Long-Distance Traveler,3.165199902155342,40.44452192617549,5.022979501048485,-7.979428518698621,14.509721495348344
31.46784537988397,77.45210904111309,41.15701390960357,BMW i3,29.45421239656008,Casual Driver,3.2634983979053573,46.12968887401014,12.611317332351005,1.566149121658319,45.98426366122912
46.40094287119368,58.93316026656019,41.90586399017345,Hyundai Kona,11.76834664939285,Long-Distance Traveler,1.8944880905881227,24.47957144861078,22.1198877936278,2.0801198484303423,12.532217395366516
33.300883156898145,99.70093459071948,18.1024722667836,Nissan Leaf,1.1026309087301218,Casual Driver,1.9346884585896515,41.55273260700287,9.356789299285909,37.68507873124864,66.40005143382135
32.90161477916705,90.23527141040675,59.19854015458014,Tesla Model 3,2.483073707467046,Casual Driver,3.4047280954422168,10.553605881721566,17.387156476262238,4.250218529552702,57.333656631239705
59.61097279685497,58.9596311427681,15.774763064545793,Chevy Bolt,23.96306613271738,Commuter,2.689745698708827,25.364863634137112,5.864778619078464,1.0584982528385973,-0.6513416540868704
61.92829078916798,50.51275746890818,75.09027362309024,Hyundai Kona,23.981918302874558,Long-Distance Traveler,1.8494180046914104,12.374493987456692,40.60211019499598,0.5159926671075951,-11.415533320259804
38.27073245617419,84.48086578922354,23.915003796268465,Chevy Bolt,4.832295504044435,Commuter,2.332808817220075,33.50495954700098,10.251591823442746,6.933549390545071,46.210133333049356
86.60875865026834,99.09312749368182,13.819971244902632,BMW i3,38.58891646031902,Commuter,2.090777615246685,12.27483650878592,6.60996709746773,0.3180922823113765,12.484368843413478
75.82897474627676,67.97645021887641,79.97267190690829,Hyundai Kona,16.052413139147863,Casual Driver,1.1579435522661186,37.46218915223994,69.06439588561997,2.3337419008285383,-7.852524527400348
54.16347654979344,56.6962175600798,55.095255841104894,Nissan Leaf,3.2874178751502097,Commuter,1.289438988112685,45.2106299385636,42.728082793390826,13.752626424621427,2.5327410102863652
40.62902373559544,62.795202141482775,38.188211099692175,Nissan Leaf,21.181387475893285,Commuter,3.227826774061622,23.196373698660988,11.830935726343016,1.0951300392885488,22.166178405887337
64.74836809986499,92.69456876416793,41.13168722967361,Tesla Model 3,11.133741048080472,Commuter,0.6326302700939862,46.54335629892145,65.0169446105747,4.180387894592341,27.946200664302935
28.68722066034912,81.11188792121526,55.199838402705424,Hyundai Kona,15.30316247182633,Casual Driver,1.7011173546131593,26.970342585006637,32.4491653988552,1.7624032048708889,52.42466726086614
59.491108008673685,92.3129306095474,72.31121635965684,BMW i3,8.412581609973788,Casual Driver,0.9453801792438452,34.26166814743536,76.48903366843844,4.072669928909267,32.82182260087371
86.54445155869516,93.38177891139344,37.49380570218128,Chevy Bolt,0.4003548727503609,Casual Driver,1.8547686901055345,15.800004164216077,20.2148148727095,39.46499777977745,6.837327352698281
57.069500659534,92.4203899406728,55.374954290710285,Nissan Leaf,-2.6422433911902434,Long-Distance Traveler,3.136208977991735,18.05023748722661,17.656653201142714,-6.8314060496507,35.350889281138805
44.25432304914885,91.06019255005748,33.467398984964014,Nissan Leaf,26.827732100109564,Commuter,3.3861550875352284,18.94297603650753,9.88359898463033,0.7060968092949671,46.80586950090863
29.87716837622752,95.5354366537743,53.35952018455622,Chevy Bolt,3.5074136854971822,Commuter,3.383070445634935,11.31413118672819,15.772512290840487,3.225776084957139,65.65826827754678
87.91245387496029,67.04978613778212,76.03768937793197,BMW i3,23.18945598880445,Long-Distance Traveler,2.197050161090055,14.892902778695785,34.60899105744871,0.6422273461648205,-20.86266773717817
89.03769769770815,54.07412809231841,9.79334907118558,BMW i3,31.35439387292225,Commuter,3.760235626861669,12.886573479546891,2.6044509022853997,0.41099737190824076,-34.96356960538974
18.30616688088955,66.42847642409154,45.45344885211073,Hyundai Kona,28.51369444569392,Commuter,1.4410908929776702,28.19404206423544,31.541000691630238,0.9887895136820213,48.12230954320199
76.84081236656476,87.55877968530262,31.728682285908047,Hyundai Kona,7.58003923341635,Commuter,2.2946149964785327,37.50320207080665,13.827453553036554,4.947626379752104,10.717967318737863
24.92849741296244,79.5576146482545,76.16478844210974,Tesla Model 3,38.50327216283354,Long-Distance Traveler,2.4754102392871,32.557458225025094,30.76855190840797,0.8455763989963475,54.62911723529206
50.51010596682404,68.59776436636375,59.16864335631949,Nissan Leaf,29.06368772467245,Long-Distance Traveler,2.765621656971513,15.222513527799864,21.39433758307778,0.5237640065502535,18.087658399539706
51.48318629752653,72.70348804748421,15.10403338179977,Hyundai Kona,18.97409284644023,Commuter,2.8915627841140754,5.052457492354572,5.2234844993785545,0.26628189991715334,21.220301749957684
43.85148170771822,61.64849601577665,66.24653780691024,BMW i3,8.954126066691433,Casual Driver,1.2541996768004464,37.46234418585593,52.81976947714571,4.183807990509825,17.79701430805843
41.895559315975504,79.16128258457856,30.726160737544745,Chevy Bolt,-4.446256767774789,Commuter,3.000895955075018,11.215789280105415,10.238995685798988,-2.5225239714886203,37.265723268603054
62.322640558525926,81.40719887465627,77.12500791368723,Nissan Leaf,-3.663579908715522,Casual Driver,1.2335246867841825,39.4290961711839,62.52408949735192,-10.762450159032571,19.084558316130348
76.66998194035097,62.00647451732488,8.28243853987389,BMW i3,-2.645297430156881,Commuter,1.2452884167132,11.017996608332188,6.6510203007705355,-4.165125812592938,-14.663507423026083
25.34809142974842,63.66223405094776,50.5305305671186,Tesla Model 3,-9.162198722399426,Commuter,1.0288856470267305,34.63627057083493,49.1119015151407,-3.7803448299104643,38.31414262119934
58.16252769130468,72.85889430616501,64.9305064614647,Nissan Leaf,26.677244857452976,Long-Distance Traveler,3.732577706614646,45.60140061591688,17.39562081893133,1.7093744447593116,14.696366614860331
50.627588257932686,53.248697123948766,55.62849667174399,Tesla Model 3,14.564571127261203,Casual Driver,1.3761709730713558,8.179964335506256,40.422663869730954,0.5616344116165168,2.6211088660160797
46.35478932598276,91.106881276485,41.99326219500855,Nissan Leaf,37.289829969537614,Long-Distance Traveler,1.197691869919004,6.483340580349086,35.06182453910154,0.1738635060992604,44.75209195050224
27.790526414327424,54.73692996512599,38.69718656721909,Chevy Bolt,36.663170798557424,Long-Distance Traveler,0.5500176951424511,30.846818882816667,70.35625746040182,0.841357095170568,26.946403550798564
34.7020621089598,51.28401319295174,62.26265635402747,Tesla Model 3,9.250148405255208,Casual Driver,1.7046015910873678,23.57785071707293,36.52622212696049,2.5489159399516064,16.58195108399194
55.960807961988976,87.1055679955716,35.84413909327468,Tesla Model 3,9.18785717676932,Casual Driver,3.7949895819234527,34.74098370272331,9.44512186911128,3.781184560700704,31.144760033582628
38.4751768013842,82.29836275119712,55.46883682152323,Nissan Leaf,1.3585055213685724,Long-Distance Traveler,3.540379012105647,26.484266980325483,15.667485495721838,19.495148575947606,43.82318594981292
58.69009594389493,84.5528682061711,19.721540010730703,Hyundai Kona,35.769526773223475,Commuter,1.4832810341977656,47.60911599293456,13.29588901633676,1.3309965293858466,25.862772262276167
26.459694563687,98.79022101047224,68.45025675480477,Tesla Model 3,18.59929373713665,Commuter,2.1861491819293675,14.971801438288828,31.310880941068522,0.8049661266650724,72.33052644678524
52.13517502591924,93.01715305800631,79.94974411198142,Tesla Model 3,34.42869923801459,Long-Distance Traveler,1.6591607025328534,10.887323539659542,48.18685977189019,0.3162281404938546,40.881978032087076
33.679239622063506,78.9085482736939,60.46898672586866,Chevy Bolt,-2.6601032029166607,Commuter,3.71738986284209,28.753354343418906,16.26651735678801,-10.809112335150152,45.22930865163039
54.48146211687617,70.45984840964744,35.38265952853404,BMW i3,33.893571383819186,Long-Distance Traveler,1.7178280150084737,23.771635495233188,20.597323608300513,0.7013611881155074,15.978386292771262
17.969742475972758,67.45668714691847,37.688027665454456,Nissan Leaf,26.066961754406773,Casual Driver,0.6024173820856626,45.36451456071446,62.56132174502111,1.740306944404264,49.48694467094571
33.55042871023524,93.64636491555372,20.79343928787075,Nissan Leaf,13.65991905369698,Commuter,1.47066972117344,30.185692832978997,14.138755281695586,2.2098002714598377,60.09593620531848
33.26665160527895,92.03645412293866,53.36289470151473,Hyundai Kona,29.88019647166928,Commuter,3.799819207963679,38.62554559470691,14.043535173904202,1.2926804424237797,58.76980251765971
74.6842236981937,79.53017447619905,24.267335453342245,Hyundai Kona,11.697359728518473,Long-Distance Traveler,1.6404240382645088,30.485773672901757,14.793330801843126,2.6062098097724253,4.845950778005346
87.90107600101733,63.86215199990342,68.20904345854468,Nissan Leaf,34.37535950590644,Long-Distance Traveler,2.8441911583636044,21.898724384362577,23.981877328452327,0.6370471378081122,-24.038924001113912
46.48302918515636,98.6273440219893,27.706067785342437,Hyundai Kona,19.029287814233463,Commuter,2.858349510172882,45.32674459013657,9.693030081428596,2.3819464518390028,52.14431483683294
39.08232599116617,91.73370608401818,45.36457787633022,Nissan Leaf,37.330821979493706,Commuter,0.5641102252550376,25.04146030496852,80.41793225042255,0.6707985245737186,52.65138009285201
61.5644479971477,63.28972367444196,27.498043111589936,Hyundai Kona,12.409795888371692,Casual Driver,1.3744963855629204,46.47734294698628,20.00590427186042,3.7452141328558666,1.7252756772942561
56.90819742601112,90.23796992952722,74.70693087698855,Nissan Leaf,7.884105497983775,Commuter,3.68149298030484,33.46362565843205,20.292563717126132,4.244441638558718,33.329772503516104
23.173993641361665,79.15155531676531,37.52045250571513,BMW i3,-7.647816773566554,Commuter,2.781840207444596,24.98401295415121,13.487637573612286,-3.2668163599975912,55.97756167540365
81.15318319370941,50.45003529318749,24.04346935025211,Tesla Model 3,8.825917552483563,Long-Distance Traveler,2.9065385519269062,26.03119049253551,8.272200392563985,2.949403315603201,-30.70314790052192
18.262214822486705,88.41412998142081,9.51652733339272,Nissan Leaf,27.830930909390297,Casual Driver,1.2783700242921128,48.57649109999988,7.444266646241506,1.7454138080451316,70.15191515893412
58.016494112477474,52.28837265751346,39.88426993608347,Tesla Model 3,31.63668928912557,Long-Distance Traveler,3.036909807335081,19.461110622460048,13.133175651035327,0.6151437163543337,-5.728121454964011
63.61556869644066,73.807350446242,5.755524649492359,Hyundai Kona,18.962712202970867,Commuter,2.2904466878175924,39.127025402318914,2.5128393863541083,2.06336651548131,10.191781749801336
40.69499213107397,57.66600893156081,13.003539499532652,Tesla Model 3,39.63190879237284,Casual Driver,1.704673382416253,41.18494267350982,7.628170671088359,1.0391864517369869,16.971016800486844
49.32313954121575,56.183631872742914,21.35157383578864,Nissan Leaf,2.5012019700363908,Commuter,2.8572143402961414,21.496163367424792,7.472863878170097,8.594333294528806,6.860492331527162
22.710321135632327,62.07007350536415,48.84665066850152,BMW i3,-0.3367154696195218,Casual Driver,1.6639703334245637,7.243947955667937,29.35548169778472,-21.513558506395256,39.35975236973182
46.607930464309526,66.14678806221944,9.206012694775316,Hyundai Kona,18.455941632134504,Casual Driver,2.858817714150072,14.832917019534175,3.2202167522640623,0.8036933208386339,19.538857597909917
10.285314614367564,76.73373540916441,76.18778788307228,Chevy Bolt,15.247349649826322,Casual Driver,2.8502383451136155,14.984051430614867,26.730321698775438,0.9827315418575415,66.44842079479685
44.08631934914307,61.937250516895816,72.94073165721504,Tesla Model 3,38.666963309829576,Casual Driver,3.609229819666397,13.825035587120569,20.209500447925755,0.3575412808175213,17.850931167752748
87.22062649241695,65.56631387099664,72.27855411576432,Tesla Model 3,4.698829486440202,Casual Driver,1.0953543616585946,7.443107755455118,65.98645757553706,1.584034444521621,-21.654312621420317
71.41075857249324,76.22136172265118,18.01705100546142,Hyundai Kona,19.16560070339951,Long-Distance Traveler,2.461603715954156,43.70116825973557,7.319232940984462,2.280187766407136,4.810603150157945
47.37859058478252,51.070619780241294,59.126629342112274,Nissan Leaf,19.745234345009298,Commuter,2.4214112224514865,6.938614078941109,24.418251965583632,0.35140702600447365,3.6920291954587725
83.51568603776872,85.70187848640649,35.86668099087705,Hyundai Kona,8.253481653676824,Commuter,4.226667873215021,32.79732044472121,8.48580538304634,3.9737557822171214,2.186192448637769
18.983577712791817,89.64463555022162,5.20011260069647,Tesla Model 3,37.57672672417906,Long-Distance Traveler,1.8876640005318568,49.3332345217414,2.7547871862955047,1.3128667348770833,70.66105783742981
27.98535524715724,69.49637808673178,28.77227402735012,Nissan Leaf,37.4853473103662,Long-Distance Traveler,1.1929063943723863,25.79879262675929,24.119473382895087,0.6882367238898408,41.51102283957454
18.216135308909685,88.05542208773109,61.90801716904538,Hyundai Kona,18.77488486854991,Casual Driver,3.09976792162395,37.77442265439287,19.97182328947134,2.0119656082509123,69.8392867788214
19.06936529875868,77.58691651286874,35.017606522824096,BMW i3,10.204876258349907,Long-Distance Traveler,2.848815610735716,12.54074292674547,12.291987726710289,1.228897108525377,58.51755121411006
19.598024652744,82.03353841178316,14.804488742545598,Nissan Leaf,27.22215780885722,Casual Driver,2.6140629880131234,27.499247528804364,5.66340168941303,1.010178830124076,62.435513759039154
17.25397204903592,99.6717975680798,65.10291874065945,Nissan Leaf,10.926311832543378,Commuter,1.0208252585151376,47.43975214885614,63.77479220621582,4.341790063831019,82.41782551904387
23.35781808377515,96.40888301425215,61.63104965912597,Chevy Bolt,-6.983337242078843,Long-Distance Traveler,2.942916165689722,20.391192291148027,20.94216966750791,-2.9199781686438864,73.051064930477
49.89930236506439,60.39169483747191,71.8059193887291,Tesla Model 3,-0.8311422705916858,Casual Driver,3.736266174957047,39.46787878394304,19.218630586337866,-47.48630911991285,10.492392472407516
63.54347399574311,60.39019372509928,45.98918433743132,Chevy Bolt,5.824782102557993,Casual Driver,1.5990277384572906,42.36438973237176,28.760717047848555,7.273128674421511,-3.153280270643833
26.447257316508875,50.88290885213277,45.858999052265375,Hyundai Kona,7.159703373364536,Long-Distance Traveler,1.3093292808686268,47.503737971035065,35.02480218103875,6.6348751468891916,24.435651535623897
25.91294329665161,91.24425598403384,55.691891653122006,BMW i3,11.35363499376702,Casual Driver,2.870813713553876,3.856230310405413,19.39934012095099,0.3396471977936958,65.33131268738224
36.14353480862364,50.590866788910525,23.050456238396517,Chevy Bolt,-7.858269925073039,Commuter,3.661900843125582,36.7698740294614,6.294669688194509,-4.679130951221384,14.447331980286883
88.2973709644651,71.13650830929953,39.97272424864232,Nissan Leaf,11.022766626236226,Casual Driver,0.6941299404276727,37.675321852429775,57.58680316255198,3.4179551404776665,-17.160862655165573
50.70981922850209,64.13652349959695,21.05357940478484,Hyundai Kona,26.193341439430043,Long-Distance Traveler,1.4617679826287715,6.306066001187466,14.402818815967716,0.240750727270506,13.426704271094856
31.7169107119339,63.995768026827264,97.6677653925048,Chevy Bolt,-7.754748568636635,Long-Distance Traveler,2.819041425308821,34.00613293122943,34.64573614125074,-4.3852012260931446,32.278857314893365
15.073705966426454,98.6113298985728,39.94579631974886,Chevy Bolt,-5.499048907391532,Casual Driver,2.705994138237201,34.1015981435489,14.761967055025197,-6.201362948002031,83.53762393214635
56.93067672987071,79.67504954632604,41.01292040629061,BMW i3,31.58905780067694,Commuter,3.069542306569536,35.239594294264535,13.361249433999786,1.1155633231172017,22.744372816455325
75.85891513688586,60.19969203469616,11.422192304640166,Tesla Model 3,-2.44159530106516,Long-Distance Traveler,3.254397835722627,26.144302699478175,3.509771355936239,-10.707877217847107,-15.659223102189692
21.85862017889134,79.26462882824637,52.28437229318183,Chevy Bolt,6.385560976611462,Long-Distance Traveler,1.7728069001606237,23.87673157167134,29.492423731227948,3.7391752516537204,57.40600864935503
54.643859299661386,58.01818477546587,77.63234569193523,Chevy Bolt,2.211083949613,Commuter,3.306874017578997,11.179014560862132,23.47605178765498,5.055897838170624,3.3743254758044827
18.139377516618723,64.34409488966753,14.175393197160597,Nissan Leaf,8.0139996180962,Long-Distance Traveler,2.206144329104404,21.857389617404845,6.425415150837014,2.7274008808347396,46.20471737304881
25.450179505817587,95.74806410053785,28.337522357857683,Hyundai Kona,15.725063881272998,Casual Driver,2.2607468723450665,36.28607872971303,12.53458434666029,2.307531403603783,70.29788459472026
88.54355771236987,54.64351418640867,17.628897372729085,Tesla Model 3,36.44591302779551,Long-Distance Traveler,1.7302764040325571,11.380196211545622,10.188486262451152,0.31224889887835994,-33.9000435259612
59.3130256074532,59.87147873828874,45.45111536306598,Nissan Leaf,37.73130899577718,Long-Distance Traveler,1.1310299985017624,12.817069905556416,40.185596689100684,0.3396932215362812,0.558453130835538
68.71101928718994,84.88161296476284,49.66092549992548,BMW i3,-4.137528822077404,Casual Driver,3.5902414161320197,17.663341419791365,13.832196708774015,-4.269055801023475,16.170593677572896
24.122328324213527,90.8302547030802,23.942080345214407,BMW i3,-3.244674645052584,Commuter,2.159224759169293,18.819584772025628,11.08827612481876,-5.800145416959251,66.70792637886667
75.63832653295276,58.59438747516139,23.86992273236189,Chevy Bolt,11.047991752951924,Commuter,2.441421134965461,23.603714404727395,9.77706074159122,2.13647103768164,-17.04393905779137
13.24841775679932,85.29183868833562,8.641282040664738,Chevy Bolt,0.8741646568865473,Long-Distance Traveler,2.494662938263948,19.66967079300812,3.46390765186028,22.501105069912395,72.0434209315363
61.77141434640873,58.62527785976149,46.40242818798875,Chevy Bolt,-1.8986919291078903,Casual Driver,0.9790760332303992,38.51392773049149,47.394100777737236,-20.284453280731775,-3.1461364866472437
34.59232797281263,92.20541049935828,77.2662199543138,Tesla Model 3,11.995372899168595,Commuter,3.4981219794097917,28.92648502242356,22.08791471798541,2.4114702615396366,57.61308252654565
36.39805027421534,62.02939828212693,5.995140564565627,Chevy Bolt,22.975563617224864,Commuter,3.9769703835389874,34.95390177071374,1.5074642218559169,1.5213512213693279,25.631348007911583
23.97110917899692,90.94302580985588,21.270741905550192,Hyundai Kona,31.34685758576334,Commuter,3.342356048760274,40.17685077355911,6.363996413081067,1.2816867101793976,66.97191663085897
21.31000444838144,58.47308801172035,37.9980325281785,Nissan Leaf,-1.8448305287580256,Casual Driver,2.0607338598297,10.493519676517534,18.439078072565216,-5.688067013712077,37.16308356333891
78.3928712319015,78.8159074874725,12.89314235582393,Tesla Model 3,20.055112427461744,Casual Driver,2.1412999520428557,17.34136645625693,6.021175288181152,0.864685576756536,0.4230362555710059
71.5767881781005,66.87086121499186,60.624560710723856,Nissan Leaf,29.72374373724621,Long-Distance Traveler,1.9622731644438964,22.68042226602135,30.895066909761624,0.7630405667103427,-4.705926963108638
28.90083254997095,97.35343585040852,5.868319195612725,Hyundai Kona,-1.5624897888461415,Commuter,0.890728405098075,21.32626413977922,6.5882250549386985,-13.6488982468987,68.45260330043757
52.49864487916761,66.17919066180764,77.69879024520026,Tesla Model 3,36.64249003843529,Long-Distance Traveler,1.224897157423554,26.42378193855539,63.43290926450651,0.7211240805643605,13.680545782640031
43.87900893699008,62.259321460776434,94.36532940921012,Tesla Model 3,19.11913063666853,Long-Distance Traveler,2.2434218074905186,31.654116000336423,42.06312388251532,1.6556252793015116,18.38031252378635
60.90486524314052,81.09356513724907,43.95822631658241,Tesla Model 3,3.915833020589746,Long-Distance Traveler,1.767862582188473,36.00275417138911,24.865182825559682,9.194149490564053,20.188699894108552
27.9459134972956,85.81552369692857,76.48074420185159,Tesla Model 3,5.652113104489251,Long-Distance Traveler,1.9127243418837656,42.36624663230756,39.98524122222901,7.495647353316004,57.869610199632966
40.62173244352232,54.00886612216782,66.17819525015547,Hyundai Kona,2.241616906410464,Commuter,3.2649354225943634,5.923176780357402,20.26937341307944,2.6423679993751814,13.387133678645498
76.9590769158117,61.4739229124934,76.24242378732372,Chevy Bolt,2.554657853201496,Long-Distance Traveler,3.728899690984893,6.798600809086855,20.446359544519215,2.6612568883018333,-15.485154003318307
76.27892651117047,83.58526083420006,35.15737675512804,Nissan Leaf,-6.225485948901995,Long-Distance Traveler,0.1543006838884049,17.63994452579628,227.84977920483465,-2.8335048332905615,7.3063343230295885
79.45408421714306,60.93787155350576,53.11979970086487,Tesla Model 3,18.711758044699764,Casual Driver,1.8073273628784672,41.69006799409875,29.391354766113217,2.2280144866402734,-18.516212663637305
69.61870824455913,77.39673449495889,43.12603811805074,Chevy Bolt,31.05761683790547,Commuter,2.7653907898092647,5.76663577394962,15.594916377451751,0.1856754110930851,7.778026250399762
52.46095601240184,69.58465649956185,60.68153839035487,Chevy Bolt,15.95499673247742,Commuter,2.2151488205935204,15.631492191685426,27.393887862620463,0.9797239356286749,17.123700487160008
57.20207772870903,71.72530988079201,33.67446234201802,Nissan Leaf,25.42640192513317,Casual Driver,2.008872705709381,24.859551942231587,16.762865186187476,0.9777062446912211,14.523232152082983
65.6513286332472,86.25668559166435,54.54859168539257,Hyundai Kona,26.22953591054577,Commuter,1.60323446506385,19.102870216691056,34.02408872442755,0.7282961575012317,20.605356958417147
27.571039314792376,60.91086177664662,14.11630705481829,BMW i3,0.6693456361452217,Commuter,0.9400021772463668,21.383146368000144,15.017313147263618,31.946344628682755,33.33982246185424
59.77588685400556,53.00916603198095,11.321914132806013,BMW i3,-0.8868868986711951,Long-Distance Traveler,1.8218096881056245,39.95811626207474,6.21465250005279,-45.05435396773048,-6.76672082202461
77.97541226482085,91.45202017355768,26.586710215463047,Chevy Bolt,5.320091462398006,Long-Distance Traveler,1.7244365892735611,24.4507632366001,15.417621257191605,4.595929113139539,13.476607908736838
34.71180818363233,99.830388857032,65.92220415676107,Nissan Leaf,-0.6475576581457609,Commuter,3.318274233997271,37.52496219553434,19.866412330047126,-57.94844941373193,65.11858067339968
27.431445135133774,68.08524527719955,20.07464990247556,Chevy Bolt,6.231144552493621,Casual Driver,2.469105223394977,48.073862196486175,8.130333900826333,7.715093397608254,40.653800142065776
88.86128564501877,73.18196792983179,10.390644028146834,Hyundai Kona,39.39447334918633,Commuter,1.4840355493987545,38.4249009837934,7.001613965619977,0.9753881120125965,-15.679317715186983
12.90517914685882,57.543169274328136,5.892835163588776,BMW i3,16.892296483696548,Commuter,1.2359897744455028,40.776826988908375,4.767705433673555,2.413930339682575,44.637990127469315
53.06724790483541,90.07623145582792,48.52491426934318,Chevy Bolt,37.131539818916,Commuter,3.001670866278254,6.023479239058313,16.165967699686142,0.16222002288172704,37.00898355099251
61.46401328288867,96.38960476102687,51.94497776365302,Chevy Bolt,14.483399483425266,Commuter,2.4615937135645067,9.166036637016663,21.102173554235392,0.6328650015837948,34.9255914781382
49.96693224975138,63.11113229359482,20.79043601283822,Tesla Model 3,22.89738526887777,Long-Distance Traveler,3.2474625768175143,41.23721127651863,6.402055611434535,1.8009572181400308,13.14420004384344
23.264357666126408,53.993533699815,49.48345837435455,Hyundai Kona,-7.478114898036261,Long-Distance Traveler,1.7322676793318448,18.93760769920245,28.565711272429258,-2.5324039490454244,30.729176033688596
15.82012202213054,53.37481226496149,19.958025275991496,Nissan Leaf,30.006274375568573,Casual Driver,1.2982715793607214,43.00765805491575,15.372766063183002,1.4332888354154705,37.55469024283095
87.1299945616067,70.55530611428432,33.694161775319,Tesla Model 3,10.607186286536084,Long-Distance Traveler,3.982832649146134,22.7071329794279,8.459848741709642,2.140731044598559,-16.574688447322373
11.792607718349384,50.75166478809943,45.15937317195059,Tesla Model 3,17.258362408967805,Commuter,0.9190462989996282,31.31248135190241,49.13721237015597,1.81433676092187,38.959057069750045
26.450246517661636,83.89886666729896,60.83110355266755,BMW i3,3.171791758702938,Casual Driver,3.5741893701518244,48.32123616672255,17.019552478296237,15.234681165349542,57.44862014963732
75.29020927180612,67.25319330916514,47.67827374967497,Hyundai Kona,27.78096351062102,Long-Distance Traveler,1.4249095724737948,37.74994617838915,33.460561056446835,1.3588422217234064,-8.037015962640979
38.42252020734118,73.05861868368035,27.63793401856366,Tesla Model 3,9.383136165270326,Commuter,1.920578840930284,57.099752173598255,14.390418882869959,6.085359006612394,34.63609847633917
61.04916218275036,70.39015065483127,66.46105412754665,Hyundai Kona,18.390040021966445,Casual Driver,3.89415989940598,47.72349822012419,17.06685288852281,2.59507310278388,9.340988472080916
65.52770174811384,55.0940413968818,67.61464385497968,BMW i3,6.143677508852317,Long-Distance Traveler,3.9267976658180577,23.40224119982806,17.21877458661821,3.8091584667502785,-10.433660351232042
27.047854491878383,93.46087660830996,8.936913796477242,Chevy Bolt,14.33109534501114,Commuter,3.623260788462997,35.31712403702,2.466538932260606,2.4643701815377566,66.41302211643158
63.48160387106212,80.47775508228382,26.4440331229724,Nissan Leaf,14.39410549158626,Commuter,3.69223745793969,27.121429900667824,7.1620618728375245,1.8842039136451394,16.9961512112217
55.03840484815587,70.45005705402863,42.01795949517358,Tesla Model 3,14.641852951912686,Long-Distance Traveler,0.7302658470574883,13.302986684846337,57.5378948152642,0.9085589596164159,15.411652205872763
16.960526964484828,84.59905625717587,34.54134762062127,Nissan Leaf,13.028878136959383,Commuter,2.539178253623862,14.239592111842915,13.603356743987778,1.0929254201441232,67.63852929269105
23.032215463439087,95.02831176592272,67.07828216010658,Nissan Leaf,5.0100278823816495,Long-Distance Traveler,3.883982812856207,23.098143352892876,17.270488926488966,4.610382196498388,71.99609630248364
34.03764756225564,96.36574795375611,39.70699556704798,Tesla Model 3,0.2591031271149493,Casual Driver,3.775135400150372,18.68529365558645,10.518032165274487,72.11527650647322,62.32810039150047
26.98292870121461,98.39737010831394,6.448880265075534,Nissan Leaf,12.193184724352538,Long-Distance Traveler,2.2464335181781654,11.019391595294064,2.8707193927134376,0.9037336712602947,71.41444140709933
49.52688345849289,68.65310734292194,30.751503981203896,Hyundai Kona,31.980349802192308,Long-Distance Traveler,3.7776687534767657,19.48012395431718,8.140338920108293,0.6091279199510752,19.126223884429052
73.686855701566,81.23277626442751,28.80292498005887,Nissan Leaf,-0.2573590462581006,Casual Driver,0.7584002476785885,45.5188443075354,37.97852791876409,-176.86902780128196,7.545920562861511
32.3628019605393,55.98865792499279,85.03985430629427,Tesla Model 3,22.669920271465017,Casual Driver,3.708384637781146,26.726596804263863,22.931778284244146,1.1789453374436896,23.625855964453493
13.70945350509201,97.58940532350752,47.76784734327861,Chevy Bolt,15.363257979506066,Long-Distance Traveler,2.6794513868152903,32.994341529878724,17.827473033595112,2.1476135839085546,83.8799518184155
32.341871528002784,89.61714559071812,57.45442116792438,Nissan Leaf,33.49059845332999,Casual Driver,1.121155294576189,35.730229366216896,51.24572969139203,1.066873421686026,57.27527406271534
77.01390548870467,73.31371202671119,45.93945507648217,Chevy Bolt,27.574083775649285,Commuter,1.8134291486520389,16.557852451214444,25.332919739726233,0.6004860428340582,-3.7001934619934786
79.74068238394702,53.90525934622092,49.53480945615692,Hyundai Kona,4.524374959716525,Casual Driver,0.8052844859460296,42.136989660963394,61.512186464097304,9.313328368257853,-25.835423037726095
77.81061587085703,89.79452166165672,52.73977320604877,Nissan Leaf,37.11824232877613,Casual Driver,2.1813898087081207,9.721254707800986,24.17714293681546,0.26189965089657624,11.983905790799682
39.91480209371115,53.24601440984676,61.93297987243194,BMW i3,0.7108576076491264,Long-Distance Traveler,2.768766275908739,37.39309240675668,22.36843911720388,52.60278852528453,13.331212316135606
81.15938765712707,93.27582317310836,23.437875326038824,Chevy Bolt,14.785234289123393,Casual Driver,3.463646934482638,50.35062408297797,6.766819993314278,3.405466771670835,12.116435515981294
38.55338956745308,56.84768445949299,8.315805795177543,Nissan Leaf,35.821776108815385,Long-Distance Traveler,0.7281019856402245,11.737244077708317,11.421210158993597,0.3276566757062584,18.294294892039908
63.63470752501935,22.886258036214837,10.185000186311704,Chevy Bolt,26.52415547572475,Commuter,3.4114497040466847,29.830665356048325,2.9855343240822774,1.1246603264465755,-40.74844948880451
21.348620887758365,74.2900032550478,71.94505922956554,Nissan Leaf,24.85134436580902,Casual Driver,3.942567771945161,7.477687525988695,18.248274574128555,0.300896700633896,52.94138236728943
44.00642537134895,78.66085587846824,9.209067930589208,Tesla Model 3,9.626570733910736,Casual Driver,2.4162095160231494,43.773377108489925,3.811369779615162,4.547141273713703,34.65443050711929
69.62802306500127,62.80313877131577,21.918495812082128,Chevy Bolt,29.094635424516376,Long-Distance Traveler,1.67314095226569,6.453837984027844,13.100208791375955,0.22182226688393442,-6.8248842936855
55.13436223435677,68.54740388150834,21.795382498227173,BMW i3,-4.052803770997523,Long-Distance Traveler,1.171874031931034,37.73621870166026,18.598741762638408,-9.31113886433544,13.413041647151573
87.5435489892284,57.434088091123016,27.994930739365664,BMW i3,3.8917272937508662,Commuter,1.4754514936283083,41.515196392009486,18.97380622830429,10.66755023114606,-30.109460898105382
69.70887266107756,55.14488670080937,7.917185918511961,Nissan Leaf,11.765678369167489,Long-Distance Traveler,1.793903739579803,31.74576567162516,4.413383920124081,2.6981670478785507,-14.563985960268191
35.299875345221935,82.01710764520368,26.17745506640429,Chevy Bolt,-8.5533748857717,Commuter,4.299202474228416,11.078210344788673,6.088909564814668,-1.2951858760706216,46.717232299981745
38.87852232270873,51.84562277109663,60.25144069020241,Chevy Bolt,31.547643196693123,Long-Distance Traveler,2.736072147491702,42.3379255017768,22.021144707546547,1.3420313282297656,12.967100448387896
83.91821450927524,66.78294251390969,15.691719285120502,Nissan Leaf,12.267054533883623,Long-Distance Traveler,2.131400837288165,14.18889149836167,7.362162485159511,1.1566665379345642,-17.135271995365557
71.30783710648447,96.7978122602596,54.82511333467084,BMW i3,23.6013697842573,Long-Distance Traveler,0.5572133283266743,45.86383200819036,98.39160434175551,1.9432699215103468,25.489975153775134
48.17084638968186,61.35366583401523,65.23254316413059,Tesla Model 3,33.93763722562681,Commuter,1.566585949247255,17.12999180051812,41.639938871834545,0.5047490986668633,13.182819444333369
71.49380469579087,73.28659305072891,6.432324170240332,BMW i3,21.696951351475622,Commuter,0.9302393081131928,9.025938583872836,6.9146983084245655,0.41600031440633606,1.7927883549380397
61.13125247835371,71.02277462838805,16.126089718922938,Hyundai Kona,29.239399647145557,Long-Distance Traveler,3.909610780305439,4.194196976474822,4.124730216152893,0.14344333423700348,9.89152215003434
64.12607256669314,94.36493349621,66.97990803084751,Tesla Model 3,36.43208816912748,Casual Driver,0.7756632656622946,13.787151372552216,86.3517856213768,0.3784342887113299,30.23886092951686
41.34406167397294,50.4123412636568,74.27670057664027,Hyundai Kona,7.731967314013154,Commuter,2.8491514275571355,25.073544324039364,26.06976233633365,3.242841479502497,9.068279589683861
55.86361499761188,85.12226222000578,39.73385254628378,Nissan Leaf,24.108952961291443,Casual Driver,1.2492962907593128,21.395605777560547,31.804987207745445,0.8874547895925899,29.258647222393897
41.85682469072815,94.09788342638664,60.7251438890711,Tesla Model 3,-1.3699940674453366,Long-Distance Traveler,2.365990922637261,10.491920900615758,25.665839757907264,-7.658369587089027,52.24105873565849
62.10867240409642,65.19889545747364,43.251453479602375,Hyundai Kona,1.6308497238612816,Long-Distance Traveler,2.501808768424507,63.216118380746416,17.28807334336733,38.76268760745948,3.0902230533772226
39.20410154877641,83.91595179926459,42.01165353037616,Nissan Leaf,1.9196547033929288,Commuter,1.426444321988523,5.895475086176862,29.452010767451586,3.071112255634723,44.71185025048818
31.45637484180004,93.0964613557908,68.18585286511737,BMW i3,34.02977464098818,Casual Driver,3.238212428284869,18.388011513893147,21.056633675275048,0.5403506696087595,61.64008651399075
71.90308072624399,78.67887870237226,18.895101661444063,Nissan Leaf,20.35876101645039,Commuter,3.2671216940712613,45.48206597304863,5.783409199520294,2.2340291698644124,6.775797976128274
76.187997075293,65.9265734314916,13.75625150299386,Chevy Bolt,24.13459801583604,Commuter,2.754527481618902,38.148183267445766,4.994051282766284,1.580642994029345,-10.261423643801393
59.33807594475034,56.69243947901475,63.65257024136892,Nissan Leaf,-6.96659298109081,Commuter,3.7409703687194935,33.7042260973883,17.014989151907322,-4.837978361714335,-2.645636465735585
